centroid_x,centroid_y,mass,peak,plane_cp58_flux,plane_cp58_inventory,plane_cp70_flux,plane_cp70_inventory,plane_cp82_flux,plane_cp82_inventory,plane_cp90_flux,plane_cp90_inventory,spread_x,spread_y,time,total_mass
nan,nan,0,0,0,0,0,0,0,0,0,0,nan,nan,0,0
13950,13950,198905886.6235361,75.51275719908746,40047.57941527622,5268.058220645939,0.04644007297537533,0.01854149957161941,1.754665296813919e-09,1.116819639076499e-09,1.673044043929821e-13,1.205375691687678e-13,709.861908790338,709.8619087903379,50,198905886.6235361
13950,13950,668775767.1836884,150.2972131405288,255476.2732003994,35835.03544895467,3.253137572640971,1.304625752393211,1.050473970463843e-06,6.693957961053036e-07,2.695687040876779e-10,1.94368714447823e-10,910.2421840456426,910.2421840456424,100,668775767.1836886
13950,13950,1424328650.844239,224.7821877176824,720517.0726027997,106617.3303522413,40.57081545744243,16.34044191700033,5.313229978853834e-05,3.389642699762683e-05,2.647359574293958e-08,1.910310605773912e-08,1059.870146623789,1059.870146623789,150,1424328650.844238
13949.99999999999,13950,2472899124.432443,299.1408566534501,1449220.229192115,224635.6056486328,239.3006652135178,96.78790917178108,0.0008902614354386806,0.0005685949216755803,7.319918521650988e-07,5.285984560747496e-07,1185.451621258132,1185.451621258132,200,2472899124.432442
13950,13950,3818625984.697774,373.4445067695697,2425513.857129315,391854.9201433198,926.6163415171892,376.3409222490183,0.007939601031217576,0.0050765589480508,9.769387830882449e-06,7.060111912612184e-06,1296.170515722258,1296.170515722257,250,3818625984.697774
13950,13950,5464142632.64852,447.7232202907072,3621249.193149155,607436.9625558897,2739.570194666875,1117.26538644162,0.0470603182771312,0.03012369294147385,8.117407880825711e-05,5.870612274421147e-05,1396.465102360643,1396.465102360643,300,5464142632.64852
13949.99999999999,13950,7411295448.826178,521.9900956502599,5005744.402206634,869186.8394179021,6714.67101668099,2749.708434796554,0.2094867299055117,0.13424287847681,0.0004833577016762301,0.0003498280295384089,1488.892423545717,1488.892423545717,350,7411295448.826176
13950,13950.00000000001,9661473049.975567,596.2510577353177,6550242.936069727,1174388.961283221,14340.60295886,5896.821472868273,0.7545111297720651,0.484040537381943,0.002248092121486888,0.001628241674775642,1575.093031047689,1575.093031047689,400,9661473049.975571
13949.99999999999,13950,12215772187.51923,670.5089076146372,8229615.404438579,1520252.68723188,27568.75076611665,11383.09817262584,2.308803725915181,1.482809341201966,0.008642041118005546,0.006263821137508056,1656.198251289768,1656.198251289768,450,12215772187.51923
13949.99999999999,13950,15075090067.32768,744.7650351185114,10022689.5893905,1904129.198995532,48784.51518997406,20226.68755835815,6.208332539375919,3.991692424865839,0.02855506331904396,0.02071210941014754,1733.029487768774,1733.029487768774,500,15075090067.32768
13949.99999999999,13950,18240180429.9921,819.0201649895386,11911968.19063466,2323601.876530725,80747.28357140139,33618.49116807729,15.03080720045803,9.674986300704603,0.0834221151018873,0.06055372965944807,1806.206556318792,1806.206556318792,550,18240180429.9921
13949.99999999999,13950,21711689999.67363,893.2746937442093,13883124.91690473,2776510.418092886,126508.8996032865,52891.76543613194,33.36270734717825,21.49898275942375,0.220064544975826,0.1598559866818485,1876.211374010344,1876.211374010344,600,21711689999.67363
13949.99999999999,13950,25490183355.27685,967.52884805777,15924465.95414854,3260942.582085054,189320.4325925904,79486.05028056972,68.83558308316516,44.40799648849373,0.532699813026539,0.3872410526571435,1943.427731850789,1943.427731850789,650,25490183355.27685
13949.99999999999,13950,29576160510.21572,1041.782762587753,18026437.16469015,3775211.893296241,272535.8093002823,114908.8488493841,133.4525270521831,86.19257172026616,1.198252584429008,0.8717026335245586,2008.16734674259,2008.16734674259,700,29576160510.21572
13949.99999999999,13950,33970069680.74947,1116.036519983295,20181204.28862133,4317830.848999899,379519.0802450908,160697.8411607136,245.2090686994799,158.5542774610352,2.529919692470774,1.84182837177964,2070.687597637995,2070.687597637994,750,33970069680.74947
13949.99999999999,13949.99999999999,38672316773.14064,1190.290172379788,22382308.73725608,4887484.308518325,513560.1807992641,218385.6990479006,429.9949371924143,278.3600655147115,5.054611061762433,3.68259593626579,2131.203991050089,2131.203991050089,800,38672316773.14064
13949.99999999999,13950,43683272577.21878,1264.543753427284,24624391.35327077,5483005.14837983,677802.2758119636,289468.8884076161,723.7457957266472,469.0679112477425,9.620332066686522,7.014260541258085,2189.89915976417,2189.899159764169,850,43683272577.21878
13949.99999999999,13950,49003278323.44968,1338.797285270367,26902973.32735698,6103352.91530217,875182.2773117382,375381.2545338841,1174.798526980494,762.2952636589315,17.53973067708032,12.7979961824667,2246.929508912719,2246.929508912718,900,49003278323.44969
13949.99999999999,13949.99999999999,46422431812.85179,1354.911738222373,0,5747528.267941751,0,371679.4047892193,0,824.3128344683182,0,14.43565168551027,2260.553775264542,2260.553775264541,950,46422431812.85178
13949.99999999999,13949.99999999999,41649235056.93846,1349.078718262655,0,5124872.153941186,0,337841.9157915933,0,783.4216203400952,0,13.98105951400056,2259.653857031469,2259.653857031466,1000,41649235056.93846
13949.99999999999,13950,37387003538.45976,1340.769101859206,0,4568597.99342651,0,307171.3008172761,0,744.3807072520368,0,13.53615028481063,2258.534063096158,2258.534063096155,1050,37387003538.45977
13949.99999999999,13949.99999999999,33577368143.73267,1330.363958587374,0,4072219.206240981,0,279364.1961048032,0,707.1212490931829,0,13.10098951274627,2257.27984019832,2257.279840198316,1100,33577368143.73267
13949.99999999999,13950,30171198116.23841,1318.170427751722,0,3629699.970782954,0,254146.8318409114,0,671.5757123351622,0,12.67562343265315,2255.900867958509,2255.900867958503,1150,30171198116.23841
13949.99999999999,13949.99999999999,27125534919.99554,1304.447952432551,0,3235480.140074111,0,231272.1100805287,0,637.6779676786072,0,12.26007980911832,2254.372921143537,2254.37292114353,1200,27125534919.99554
13949.99999999999,13949.99999999999,24402169963.09814,1289.421190297041,0,2884477.096171943,0,210516.9723720693,0,605.363367953027,0,11.85436877763828,2252.657022257383,2252.657022257375,1250,24402169963.09815
13950,13950,21966892023.53057,1273.287138524881,0,2572072.992144544,0,191680.0285812433,0,574.5688132614216,0,11.45848370867984,2250.708217730075,2250.708217730066,1300,21966892023.53057
13949.99999999999,13949.99999999999,19789010917.77943,1256.219614045991,0,2294092.820910629,0,174579.4211375612,0,545.2328043285792,0,11.07240208696268,2248.47959192281,2248.4795919228,1350,19789010917.77942
13949.99999999999,13949.99999999999,17840999348.03466,1238.372429760216,0,2046777.013802552,0,159050.9014133583,0,517.2954849767071,0,10.69608639912346,2245.924086310342,2245.92408631033,1400,17840999348.03466
13949.99999999999,13949.99999999999,16098190253.56213,1219.881859436038,0,1826751.154903781,0,144946.0972042567,0,490.6986746144687,0,10.3294850236868,2242.995307000972,2242.995307000959,1450,16098190253.56214
13950,13949.99999999999,14538505440.54964,1200.868666843869,0,1630994.622527405,0,132130.9523305633,0,465.3858915862718,0,9.972533117972109,2239.647871502835,2239.64787150282,1500,14538505440.54964
13950,13949.99999999999,13142206515.74237,1181.439836301738,0,1456809.40926463,0,120484.3212382422,0,441.3023681882656,0,9.625153497211519,2235.837554427637,2235.837554427621,1550,13142206515.74237
13950,13949.99999999999,11891664969.47917,1161.690079053664,0,1301789.960710544,0,109896.7031619363,0,418.3950581164559,0,9.287257501748954,2231.52135613287,2231.521356132853,1600,11891664969.47917
13950,13949.99999999999,10771150281.75191,1141.703159986453,0,1163794.570551851,0,100269.1019361574,0,396.6126370710174,0,8.958745848734676,2226.657554103295,2226.657554103277,1650,10771150281.75191
13950,13949.99999999999,9766635473.60832,1121.553074038521,0,1040918.649163199,0,91511.99891830038,0,375.9054971996644,0,8.639509465228704,2221.205765873755,2221.205765873736,1700,9766635473.60832
13950.00000000001,13950,8865619540.29987,1101.305093423772,0,931470.0243304548,0,83544.42773166012,0,356.2257360221071,0,8.329430300083208,2215.127036913803,2215.127036913782,1750,8865619540.299871
13950.00000000001,13950,8056966061.006516,1081.016701968686,0,833946.321022468,0,76293.14066021773,0,337.5271404374471,0,8.028382112390331,2208.383958970172,2208.38395897015,1800,8056966061.006516
13950.00000000001,13950,7330757127.45308,1060.738429802363,0,747014.390533224,0,69691.85754078542,0,319.7651663770836,0,7.736231234661568,2200.940820059422,2200.940820059399,1850,7330757127.453081
13950.00000000001,13949.99999999999,6678161618.645708,1040.514599547384,0,669491.7087466689,0,63680.58891238213,0,302.8969146274532,0,7.45283730925008,2192.763784789232,2192.763784789208,1900,6678161618.645709
13950.00000000001,13950,6091316781.114569,1020.383993626135,0,600329.6317735299,0,58205.02600684675,0,286.8811033099207,0,7.17805399683976,2183.821102075507,2183.821102075481,1950,6091316781.114569
13950.00000000001,13949.99999999999,5563222048.916135,1000.380451105357,0,538598.3794694649,0,53215.99090726662,0,271.6780374694279,0,6.911729656108241,2174.083336179562,2174.083336179535,2000,5563222048.916135
13950.00000000001,13949.99999999999,5087644046.397573,980.5334015307859,0,483473.6093647518,0,48668.9408696334,0,257.2495761892345,0,6.653707993925627,2163.523616104249,2163.523616104222,2050,5087644046.397573
13950.00000000001,13950,4659031750.259438,960.8683423847226,0,434224.4423258708,0,44523.52140535968,0,243.5590976162844,0,6.403828685679981,2152.117897662584,2152.117897662554,2100,4659031750.259438
13950.00000000002,13950,4272440837.856133,941.4072660914211,0,390202.8046152839,0,40743.16326439252,0,230.5714622504659,0,6.16192796552539,2139.845231929982,2139.845231929951,2150,4272440837.856135
13950.00000000001,13950,3923466309.586004,922.1690418729448,0,350833.9572972945,0,37294.71894651866,0,218.2529748213195,0,5.927839186531136,2126.68803330662,2126.688033306588,2200,3923466309.586004
13950.00000000002,13950,3608182539.777504,903.1697572056186,0,315608.0919838694,0,34148.13480741225,0,206.5713450476054,0,5.701393350872098,2112.632340062427,2112.632340062394,2250,3608182539.777505
13950.00000000001,13950,3323089979.087681,884.4230231334669,0,284072.8808902592,0,31276.15522086318,0,195.4956475485566,0,5.482419610343531,2097.66806003506,2097.668060035026,2300,3323089979.08768
13950.00000000002,13950,3065067799.541791,865.9402472522428,0,255826.8784925152,0,28654.0556138118,0,184.9962811506118,0,5.270745737607911,2081.789194124867,2081.789194124832,2350,3065067799.541792
13950.00000000002,13950,2831331839.21441,847.7308777799469,0,230513.6813489692,0,26259.40151025924,0,175.0449278099152,0,5.066198568690556,2064.994030402281,2064.994030402246,2400,2831331839.21441
13950.00000000002,13950,2619397266.051634,829.8026217723158,0,207816.7616023652,0,24071.83100739099,0,165.614511348839,0,4.868604417334135,2047.285302029245,2047.285302029209,2450,2619397266.051633
13950.00000000002,13950,2427045438.787026,812.1616402205854,0,187454.8981535887,0,22072.85836556808,0,156.6791561842267,0,4.677789461902059,2028.670302805541,2028.670302805504,2500,2427045438.787026
13950.00000000002,13949.99999999999,2252294496.968001,794.8127224803922,0,169178.137397095,0,20245.69662610687,0,148.2141462058716,0,4.493580105588092,2009.160954981799,2009.160954981762,2550,2252294496.968001
13950.00000000003,13950,2093373261.678492,777.7594422218393,0,152764.2226868864,0,18575.09737961136,0,140.1958839459408,0,4.31580331074506,1988.773825020136,1988.773825020098,2600,2093373261.678492
13950.00000000002,13950,1948698073.675053,761.004296858601,0,138015.4383491591,0,17047.20599539601,0,132.6018501635271,0,4.144286908190822,1967.530084205487,1967.530084205448,2650,1948698073.675052
13950.00000000002,13950,1816852236.513062,744.5488322060029,0,124755.8200854389,0,15649.43079136998,0,125.4105639532411,0,3.978859882385279,1945.455412378966,1945.455412378926,2700,1816852236.513062
13950.00000000003,13950,1696567769.062165,728.393753931767,0,112828.6890449322,0,14370.3247755589,0,118.6015434726641,0,3.819352633399224,1922.579844531825,1922.579844531785,2750,1696567769.062165
13950.00000000003,13950.00000000001,1586709204.869569,712.539027196516,0,102094.4717227506,0,13199.47872693888,0,112.1552673705138,0,3.665597216615029,1898.937561510076,1898.937561510036,2800,1586709204.869569
13950.00000000003,13950,1486259205.419194,696.9839657321738,0,92428.77220230318,0,12127.4245059986,0,106.0531369854811,0,3.517427561111351,1874.566627575823,1874.566627575782,2850,1486259205.419194
13950.00000000002,13950,1394305780.75023,681.7273114732102,0,83720.66714815541,0,11145.54759582261,0,100.2774393747998,0,3.374679667690011,1849.508678991152,1849.508678991111,2900,1394305780.75023
13950.00000000003,13950,1310030934.431497,666.7673057367758,0,75871.19741270336,0,10246.00797375353,0,94.81131122167446,0,3.237191787503483,1823.808569075588,1823.808569075547,2950,1310030934.431497
13950.00000000003,13950,1232700570.815787,652.1017528415119,0,68792.03318746964,0,9421.668502969836,0,89.63870366163987,0,3.104804582236837,1797.513976286723,1797.513976286681,3000,1232700570.815786
13950.00000000003,13950.00000000001,1161655521.083148,637.7280769599988,0,62404.29234693017,0,8666.030113620775,0,84.74434805971501,0,2.977361266788979,1770.674982742905,1770.674982742863,3050,1161655521.083149
13950.00000000003,13950,1096303561.06657,623.6433729151561,0,56637.49403614967,0,7973.17311539971,0,80.1137227627845,0,2.854707735385228,1743.343631216244,1743.343631216202,3100,1096303561.066569
13950.00000000003,13950.00000000001,1036112308.46123,609.8444515553392,0,51428.6316769207,0,7337.704048429548,0,75.73302084494001,0,2.736692672037127,1715.573468956488,1715.573468956446,3150,1036112308.46123
13950.00000000003,13950.00000000001,980602899.953167,596.3278802754581,0,46721.351441414,0,6754.707537812229,0,71.58911885749571,0,2.62316764624637,1687.419086758727,1687.419086758685,3200,980602899.9531668
13950.00000000003,13950,929344360.2494562,583.0900191912789,0,42465.2238955441,0,6219.702669819202,0,67.66954659000135,0,2.513987194828322,1658.935661471201,1658.93566147116,3250,929344360.2494562
13950.00000000003,13950.00000000001,881948585.1163936,570.1270534203447,0,38615.09797155365,0,5728.603455061691,0,63.96245784377347,0,2.409008890707118,1630.17850967699,1630.178509676949,3300,881948585.1163937
13950.00000000003,13950,838065869.4842417,557.4350218750692,0,35130.527713349,0,5277.682986613438,0,60.45660221520082,0,2.308093399509139,1601.202659608595,1601.202659608554,3350,838065869.4842416
13950.00000000003,13950,797380919.5905316,545.0098429307386,0,31975.26336909707,0,4863.540939439502,0,57.14129788231672,0,2.211104524755122,1572.062447508503,1572.062447508463,3400,797380919.5905315
13950.00000000003,13950.00000000001,759609295.1282579,532.8473372930024,0,29116.79940152595,0,4483.074092044127,0,54.00640538482374,0,2.11790924242353,1542.811143677339,1542.811143677298,3450,759609295.1282578
13950.00000000003,13950.00000000001,724494233.5466549,520.943248355323,0,26525.97286325322,0,4133.449582373281,0,51.04230238487432,0,2.028377725629398,1513.500612401685,1513.500612401645,3500,724494233.5466548
13950.00000000003,13950.00000000001,691803814.1151822,509.2932603064408,0,24176.60635647117,0,3812.080638039826,0,48.23985939341102,0,1.942383360133791,1484.181008872106,1484.181008872066,3550,691803814.115182
13950.00000000002,13950,661328424.1894482,497.89301422068,0,22045.19047598994,0,3516.604546192695,0,45.59041644472794,0,1.859802751369694,1454.900515131138,1454.900515131099,3600,661328424.1894482
13950.00000000003,13950,632878494.38542,486.7381223396736,0,20110.60123304983,0,3244.862651105497,0,43.08576070009016,0,1.780515723640592,1425.705116068224,1425.705116068186,3650,632878494.38542
