alpha,anchor_phase_budget,anchor_phase_constraint_type,anchor_phase_label,anchor_phase_observation_stride,anchor_strategy,anchor_transport_budget_match_enabled,anchor_transport_budget_reference_mode,anchor_transport_budget_reference_observation_steps,anchor_transport_budget_reference_stride,anchor_transport_budget_reference_total_observations,benchmark_adaptation_notes,benchmark_adaptation_type,benchmark_description,benchmark_family,benchmark_label,benchmark_name,benchmark_reference_citation,benchmark_source_id,benchmark_source_title,benchmark_source_type,benchmark_source_url,concentration_centroid_distance_error,concentration_centroid_x,concentration_centroid_x_error,concentration_centroid_x_reference,concentration_centroid_y,concentration_centroid_y_error,concentration_centroid_y_reference,concentration_coverage_1sigma,concentration_coverage_2sigma,concentration_mae,concentration_mass,concentration_mass_error,concentration_mass_reference,concentration_mass_relative_error,concentration_max_abs,concentration_mean_abs_zscore,concentration_peak,concentration_peak_bias_percent,concentration_peak_reference,concentration_plane_cp58_flux,concentration_plane_cp58_flux_error,concentration_plane_cp58_flux_reference,concentration_plane_cp58_flux_relative_error,concentration_plane_cp58_flux_scaled_error,concentration_plane_cp58_inventory,concentration_plane_cp58_inventory_error,concentration_plane_cp58_inventory_reference,concentration_plane_cp58_inventory_relative_error,concentration_plane_cp58_inventory_scaled_error,concentration_plane_cp70_flux,concentration_plane_cp70_flux_error,concentration_plane_cp70_flux_reference,concentration_plane_cp70_flux_relative_error,concentration_plane_cp70_flux_scaled_error,concentration_plane_cp70_inventory,concentration_plane_cp70_inventory_error,concentration_plane_cp70_inventory_reference,concentration_plane_cp70_inventory_relative_error,concentration_plane_cp70_inventory_scaled_error,concentration_plane_cp82_flux,concentration_plane_cp82_flux_error,concentration_plane_cp82_flux_reference,concentration_plane_cp82_flux_relative_error,concentration_plane_cp82_flux_scaled_error,concentration_plane_cp82_inventory,concentration_plane_cp82_inventory_error,concentration_plane_cp82_inventory_reference,concentration_plane_cp82_inventory_relative_error,concentration_plane_cp82_inventory_scaled_error,concentration_plane_cp90_flux,concentration_plane_cp90_flux_error,concentration_plane_cp90_flux_reference,concentration_plane_cp90_flux_relative_error,concentration_plane_cp90_flux_scaled_error,concentration_plane_cp90_inventory,concentration_plane_cp90_inventory_error,concentration_plane_cp90_inventory_reference,concentration_plane_cp90_inventory_relative_error,concentration_plane_cp90_inventory_scaled_error,concentration_prediction_std_mean,concentration_prediction_std_p90,concentration_reference_l2_norm,concentration_relative_l2,concentration_rmse,concentration_spread_x,concentration_spread_x_error,concentration_spread_x_reference,concentration_spread_y,concentration_spread_y_error,concentration_spread_y_reference,concentration_well_capture_concentration_weighted,concentration_well_capture_concentration_weighted_error,concentration_well_capture_concentration_weighted_reference,concentration_well_capture_concentration_weighted_relative_error,concentration_well_capture_rate_total,concentration_well_capture_rate_total_error,concentration_well_capture_rate_total_reference,concentration_well_capture_rate_total_relative_error,concentration_well_capture_rate_total_scaled_error,concentration_well_extract_phase_capture_concentration,concentration_well_extract_phase_capture_concentration_error,concentration_well_extract_phase_capture_concentration_reference,concentration_well_extract_phase_capture_concentration_relative_error,concentration_well_extract_phase_capture_rate,concentration_well_extract_phase_capture_rate_error,concentration_well_extract_phase_capture_rate_reference,concentration_well_extract_phase_capture_rate_relative_error,concentration_well_extract_phase_capture_rate_scaled_error,constraint_name,constraint_truth_independent,constraint_type,dispersion,dt,dx,dy,estimated_trace_cp58_arrival_time_05,estimated_trace_cp58_arrival_time_05_error,estimated_trace_cp58_arrival_time_50,estimated_trace_cp58_arrival_time_50_error,estimated_trace_cp58_peak_flux,estimated_trace_cp58_peak_flux_error,estimated_trace_cp58_peak_flux_relative_error,estimated_trace_cp58_peak_time,estimated_trace_cp58_peak_time_error,estimated_trace_cp70_arrival_time_05,estimated_trace_cp70_arrival_time_05_error,estimated_trace_cp70_arrival_time_50,estimated_trace_cp70_arrival_time_50_error,estimated_trace_cp70_peak_flux,estimated_trace_cp70_peak_flux_error,estimated_trace_cp70_peak_flux_relative_error,estimated_trace_cp70_peak_time,estimated_trace_cp70_peak_time_error,estimated_trace_cp82_arrival_time_05,estimated_trace_cp82_arrival_time_05_error,estimated_trace_cp82_arrival_time_50,estimated_trace_cp82_arrival_time_50_error,estimated_trace_cp82_peak_flux,estimated_trace_cp82_peak_flux_error,estimated_trace_cp82_peak_flux_relative_error,estimated_trace_cp82_peak_time,estimated_trace_cp82_peak_time_error,estimated_trace_cp90_arrival_time_05,estimated_trace_cp90_arrival_time_05_error,estimated_trace_cp90_arrival_time_50,estimated_trace_cp90_arrival_time_50_error,estimated_trace_cp90_peak_flux,estimated_trace_cp90_peak_flux_error,estimated_trace_cp90_peak_flux_relative_error,estimated_trace_cp90_peak_time,estimated_trace_cp90_peak_time_error,experiment,field,flow_boundary_bottom_type,flow_boundary_left_type,flow_boundary_mode,flow_boundary_right_type,flow_boundary_top_type,flow_has_transient_wells,flow_matrix_density,flow_matrix_n_cols,flow_matrix_n_rows,flow_matrix_nnz,flow_matrix_sparsity,flow_schedule_n_regimes,flow_well_active_count_final,flow_well_active_count_initial,flow_well_count,flow_well_total_rate,flow_well_total_rate_initial,flow_well_total_rate_peak_abs,h_left,h_right,head_coverage_1sigma,head_coverage_2sigma,head_mae,head_max_abs,head_mean_abs_zscore,head_prediction_std_mean,head_prediction_std_p90,head_relative_l2,head_rmse,head_state_label,head_state_true_norm,k_field_correlation_length,k_field_log_mean,k_field_log_variance,k_field_model,k_field_seed,k_max,k_mean,k_min,k_std,mcr_anchor_jackknife_excursion_factor,mcr_anchor_jackknife_excursion_ratio,mcr_anchor_jackknife_excursion_ratio_tail,mcr_anchor_jackknife_factor,mcr_anchor_jackknife_folds_used,mcr_anchor_jackknife_global_rmse,mcr_anchor_jackknife_ratio,mcr_anchor_jackknife_ratio_tail,mcr_anchor_jackknife_regional_rmse,mcr_anchor_jackknife_scale_field_variance,mcr_basis_rank,mcr_basis_type,mcr_coefficient_std_mean,mcr_denominator,mcr_effective_noise_variance,mcr_effective_regions,mcr_external_validation_factor,mcr_hard_fallback_applied,mcr_hierarchical_levels,mcr_level_stability_factor,mcr_local_window_anchor_bandwidth_cells,mcr_local_window_anchor_peak,mcr_local_window_applied,mcr_local_window_backbone_fallback,mcr_local_window_group_mean,mcr_local_window_group_peak,mcr_local_window_jackknife_support,mcr_local_window_mean,mcr_local_window_peak,mcr_local_window_phase_support,mcr_local_window_shared_holdout_support,mcr_local_window_stress_support,mcr_local_window_temporal_factor,mcr_local_window_validation_factor,mcr_low_rank_energy,mcr_low_rank_min_prior_scale,mcr_low_rank_rank,mcr_low_rank_singular_power,mcr_method_name,mcr_method_type,mcr_min_constraints_per_region,mcr_n_coefficients,mcr_noise_variance,mcr_phase_holdout_adaptive_forecast_rmse,mcr_phase_holdout_bootstrap_support,mcr_phase_holdout_first_observation,mcr_phase_holdout_global_forecast_rmse,mcr_phase_holdout_instant_support,mcr_phase_holdout_ratio,mcr_phase_holdout_support,mcr_posterior_trace,mcr_prior_std_scale,mcr_raw_feature_count,mcr_requested_regions,mcr_residual_rmse,mcr_retained_energy,mcr_scale_cv,mcr_scale_cv_raw,mcr_scale_level_ratio_raw,mcr_scale_range,mcr_schedule_phase_end_step,mcr_schedule_phase_index,mcr_schedule_phase_label,mcr_schedule_phase_progress,mcr_schedule_phase_start_step,mcr_schedule_phase_transition_reset,mcr_shrinkage_weight,mcr_signal_variance,mcr_stability_factor,mcr_stress_holdout_excursion_factor,mcr_stress_holdout_excursion_ratio,mcr_stress_holdout_excursion_ratio_tail,mcr_stress_holdout_factor,mcr_stress_holdout_folds_used,mcr_stress_holdout_global_rmse,mcr_stress_holdout_ratio,mcr_stress_holdout_ratio_tail,mcr_stress_holdout_regional_rmse,mcr_stress_holdout_scale_field_variance,mcr_support_ratio,mcr_temporal_holdout_adaptive_forecast_rmse,mcr_temporal_holdout_factor,mcr_temporal_holdout_global_forecast_rmse,mcr_temporal_holdout_ratio,mcr_temporal_holdout_transition,mcr_validation_factor,mcr_validation_hard_gate_threshold,mcr_validation_noise_variance,n_constraints,n_nodes,nx,ny,observation_noise_protocol,observation_noise_seed,quantum_noise_key,quantum_noise_protocol,quantum_solver,reference_trace_cp58_arrival_time_05,reference_trace_cp58_arrival_time_50,reference_trace_cp58_peak_flux,reference_trace_cp58_peak_time,reference_trace_cp70_arrival_time_05,reference_trace_cp70_arrival_time_50,reference_trace_cp70_peak_flux,reference_trace_cp70_peak_time,reference_trace_cp82_arrival_time_05,reference_trace_cp82_arrival_time_50,reference_trace_cp82_peak_flux,reference_trace_cp82_peak_time,reference_trace_cp90_arrival_time_05,reference_trace_cp90_arrival_time_50,reference_trace_cp90_peak_flux,reference_trace_cp90_peak_time,shared_operator_observation_noise,source_count,state_label,state_true_norm,steps,transport_assimilation_mode,transport_budget_injection_mean_anchors,transport_budget_injection_observation_steps,transport_budget_match_enabled,transport_budget_pumpback_mean_anchors,transport_budget_pumpback_observation_steps,transport_budget_reference_mode,transport_budget_reference_observation_steps,transport_budget_reference_stride,transport_budget_reference_total_observations,transport_has_transient_sources,transport_matrix_density,transport_matrix_n_cols,transport_matrix_n_rows,transport_matrix_nnz,transport_matrix_sparsity,transport_observation_stride,transport_quantum_mode,transport_record_stride,transport_total_observations
-0.0001472156697839495,nan,,,nan,dirichlet_boundary,nan,,nan,nan,nan,"Matches the public P06 adaptation geometry and transient injection-extraction schedule, but uses a single uniform operator-observation stride that resets at phase boundaries, without phase-specific monitoring overrides; this serves as the budget reference for the phase-aware protocol ablation.",structured_public_adapter,P06 reference protocol with a uniform per-phase operator-observation stride and pathline monitoring anchors.,public_modflow6_mt3dms,MODFLOW 6 P06 Uniform Monitoring Reference,modflow6_mt3dms_p06_uniform_reference,MODFLOW 6 Examples ex-gwt-mt3dms-p06; benchmark origin in El-Kadi (1988) and Zheng (1993).,ex-gwt-mt3dms-p06,MT3DMS Problem 6,official_modflow6_example,https://modflow6-examples.readthedocs.io/en/latest/_examples/ex-gwt-mt3dms-p06.html,,,,,,,,,,,,,,,,,,,,,,,,,,,,,,,,,,,,,,,,,,,,,,,,,,,,,,,,,,,,,,487.6374774000321,,,,,,,,,,,,,,,,,,,,,,,,,,,boundary,True,dirichlet_boundary,100,2.5,930,930,,,,,,,,,,,,,,,,,,,,,,,,,,,,,,,,,,,,,public_modflow_p06_budget_ablation_modflow6_mt3dms_p06_uniform_reference_var1p0_k101_qexact_obs0p02_c7335,head,dirichlet,dirichlet,perimeter_dirichlet,dirichlet,dirichlet,True,0.004683163674675508,961,961,4325,0.9953168363253245,2,1,1,2,-86400,86400,86400,0,0,0,0,13.78694456879521,140.0653875033222,65.24873426990995,0.2112982684348129,0.5364730996494241,1.000000226992613,20.92091718409849,flow_head,648.5482854913834,nan,nan,1,constant,101,432,432,432,0,nan,nan,nan,nan,nan,nan,nan,nan,nan,nan,nan,global,nan,0.01012183735644648,nan,1,nan,nan,nan,nan,nan,nan,nan,nan,nan,nan,nan,nan,nan,nan,nan,nan,nan,nan,nan,nan,nan,nan,global,global,nan,1,nan,nan,nan,nan,nan,nan,nan,nan,None,nan,nan,nan,1.923113495891889e-17,nan,0,nan,nan,0,nan,nan,,nan,nan,nan,nan,nan,nan,nan,nan,nan,nan,nan,nan,nan,nan,nan,nan,nan,nan,nan,nan,nan,nan,nan,nan,nan,120,961,31,31,keyed_shared_v1,7335,flow_head,deterministic_exact,exact,200,600,26902973.32735698,900,500,800,875182.2773117382,900,650,850,1174.798526980494,900,700,850,17.53973067708032,900,True,1,flow_head,648.5482854913834,1460,,,,,,,,,,,True,0.004683163674675508,961,961,4325,0.9953168363253245,,operator_stepwise_hybrid,20,
1,nan,,,nan,corners,nan,,nan,nan,nan,"Matches the public P06 adaptation geometry and transient injection-extraction schedule, but uses a single uniform operator-observation stride that resets at phase boundaries, without phase-specific monitoring overrides; this serves as the budget reference for the phase-aware protocol ablation.",structured_public_adapter,P06 reference protocol with a uniform per-phase operator-observation stride and pathline monitoring anchors.,public_modflow6_mt3dms,MODFLOW 6 P06 Uniform Monitoring Reference,modflow6_mt3dms_p06_uniform_reference,MODFLOW 6 Examples ex-gwt-mt3dms-p06; benchmark origin in El-Kadi (1988) and Zheng (1993).,ex-gwt-mt3dms-p06,MT3DMS Problem 6,official_modflow6_example,https://modflow6-examples.readthedocs.io/en/latest/_examples/ex-gwt-mt3dms-p06.html,,,,,,,,,,,,,,,,,,,,,,,,,,,,,,,,,,,,,,,,,,,,,,,,,,,,,,,,,,,,,,487.6374774000321,,,,,,,,,,,,,,,,,,,,,,,,,,,corners,True,corners,100,2.5,930,930,,,,,,,,,,,,,,,,,,,,,,,,,,,,,,,,,,,,,public_modflow_p06_budget_ablation_modflow6_mt3dms_p06_uniform_reference_var1p0_k101_qexact_obs0p02_c7335,head,dirichlet,dirichlet,perimeter_dirichlet,dirichlet,dirichlet,True,0.004683163674675508,961,961,4325,0.9953168363253245,2,1,1,2,-86400,86400,86400,0,0,1,1,13.76568328200816,139.8493882035653,6.475482854913836e-13,21258157253188.08,53973132855894.88,0.9984580947596796,20.88865437068979,flow_head,648.5482854913834,nan,nan,1,constant,101,432,432,432,0,nan,nan,nan,nan,nan,nan,nan,nan,nan,nan,nan,global,nan,0,nan,1,nan,nan,nan,nan,nan,nan,nan,nan,nan,nan,nan,nan,nan,nan,nan,nan,nan,nan,nan,nan,nan,nan,global,global,nan,1,nan,nan,nan,nan,nan,nan,nan,nan,None,nan,nan,nan,1.31254928300159e-17,nan,0,nan,nan,0,nan,nan,,nan,nan,nan,nan,nan,nan,nan,nan,nan,nan,nan,nan,nan,nan,nan,nan,nan,nan,nan,nan,nan,nan,nan,nan,nan,4,961,31,31,keyed_shared_v1,7335,flow_head,deterministic_exact,exact,200,600,26902973.32735698,900,500,800,875182.2773117382,900,650,850,1174.798526980494,900,700,850,17.53973067708032,900,True,1,flow_head,648.5482854913834,1460,,,,,,,,,,,True,0.004683163674675508,961,961,4325,0.9953168363253245,,operator_stepwise_hybrid,20,
627.935133634521,nan,,,nan,sources,nan,,nan,nan,nan,"Matches the public P06 adaptation geometry and transient injection-extraction schedule, but uses a single uniform operator-observation stride that resets at phase boundaries, without phase-specific monitoring overrides; this serves as the budget reference for the phase-aware protocol ablation.",structured_public_adapter,P06 reference protocol with a uniform per-phase operator-observation stride and pathline monitoring anchors.,public_modflow6_mt3dms,MODFLOW 6 P06 Uniform Monitoring Reference,modflow6_mt3dms_p06_uniform_reference,MODFLOW 6 Examples ex-gwt-mt3dms-p06; benchmark origin in El-Kadi (1988) and Zheng (1993).,ex-gwt-mt3dms-p06,MT3DMS Problem 6,official_modflow6_example,https://modflow6-examples.readthedocs.io/en/latest/_examples/ex-gwt-mt3dms-p06.html,,,,,,,,,,,,,,,,,,,,,,,,,,,,,,,,,,,,,,,,,,,,,,,,,,,,,,,,,,,,,,487.6374774000321,,,,,,,,,,,,,,,,,,,,,,,,,,,sources,True,sources,100,2.5,930,930,,,,,,,,,,,,,,,,,,,,,,,,,,,,,,,,,,,,,public_modflow_p06_budget_ablation_modflow6_mt3dms_p06_uniform_reference_var1p0_k101_qexact_obs0p02_c7335,head,dirichlet,dirichlet,perimeter_dirichlet,dirichlet,dirichlet,True,0.004683163674675508,961,961,4325,0.9953168363253245,2,1,1,2,-86400,86400,86400,0,0,0,1,0.4381976236570263,4.451770996415917,1.589176343380854,0.2757388287852269,0.7000836555257856,0.03178352686761707,0.6649403824794314,flow_head,648.5482854913834,nan,nan,1,constant,101,432,432,432,0,nan,nan,nan,nan,nan,nan,nan,nan,nan,nan,nan,global,nan,0.005943679425319076,nan,1,nan,nan,nan,nan,nan,nan,nan,nan,nan,nan,nan,nan,nan,nan,nan,nan,nan,nan,nan,nan,nan,nan,global,global,nan,1,nan,nan,nan,nan,nan,nan,nan,nan,None,nan,nan,nan,2.842170943040401e-14,nan,0,nan,nan,0,nan,nan,,nan,nan,nan,nan,nan,nan,nan,nan,nan,nan,nan,nan,nan,nan,nan,nan,nan,nan,nan,nan,nan,nan,nan,nan,nan,1,961,31,31,keyed_shared_v1,7335,flow_head,deterministic_exact,exact,200,600,26902973.32735698,900,500,800,875182.2773117382,900,650,850,1174.798526980494,900,700,850,17.53973067708032,900,True,1,flow_head,648.5482854913834,1460,,,,,,,,,,,True,0.004683163674675508,961,961,4325,0.9953168363253245,,operator_stepwise_hybrid,20,
642.4107320905558,nan,,,nan,random_internal,nan,,nan,nan,nan,"Matches the public P06 adaptation geometry and transient injection-extraction schedule, but uses a single uniform operator-observation stride that resets at phase boundaries, without phase-specific monitoring overrides; this serves as the budget reference for the phase-aware protocol ablation.",structured_public_adapter,P06 reference protocol with a uniform per-phase operator-observation stride and pathline monitoring anchors.,public_modflow6_mt3dms,MODFLOW 6 P06 Uniform Monitoring Reference,modflow6_mt3dms_p06_uniform_reference,MODFLOW 6 Examples ex-gwt-mt3dms-p06; benchmark origin in El-Kadi (1988) and Zheng (1993).,ex-gwt-mt3dms-p06,MT3DMS Problem 6,official_modflow6_example,https://modflow6-examples.readthedocs.io/en/latest/_examples/ex-gwt-mt3dms-p06.html,,,,,,,,,,,,,,,,,,,,,,,,,,,,,,,,,,,,,,,,,,,,,,,,,,,,,,,,,,,,,,487.6374774000321,,,,,,,,,,,,,,,,,,,,,,,,,,,random4,True,random_internal,100,2.5,930,930,,,,,,,,,,,,,,,,,,,,,,,,,,,,,,,,,,,,,public_modflow_p06_budget_ablation_modflow6_mt3dms_p06_uniform_reference_var1p0_k101_qexact_obs0p02_c7335,head,dirichlet,dirichlet,perimeter_dirichlet,dirichlet,dirichlet,True,0.004683163674675508,961,961,4325,0.9953168363253245,2,1,1,2,-86400,86400,86400,0,0,1,1,0.130473075344631,1.325512100647614,0.9463525751482496,0.1378694143926135,0.3500418277628928,0.0094635257514825,0.1979855935750816,flow_head,648.5482854913834,nan,nan,1,constant,101,432,432,432,0,nan,nan,nan,nan,nan,nan,nan,nan,nan,nan,nan,global,nan,0.0237747177012763,nan,1,nan,nan,nan,nan,nan,nan,nan,nan,nan,nan,nan,nan,nan,nan,nan,nan,nan,nan,nan,nan,nan,nan,global,global,nan,1,nan,nan,nan,nan,nan,nan,nan,nan,None,nan,nan,nan,0.3436262883036769,nan,0,nan,nan,0,nan,nan,,nan,nan,nan,nan,nan,nan,nan,nan,nan,nan,nan,nan,nan,nan,nan,nan,nan,nan,nan,nan,nan,nan,nan,nan,nan,4,961,31,31,keyed_shared_v1,7335,flow_head,deterministic_exact,exact,200,600,26902973.32735698,900,500,800,875182.2773117382,900,650,850,1174.798526980494,900,700,850,17.53973067708032,900,True,1,flow_head,648.5482854913834,1460,,,,,,,,,,,True,0.004683163674675508,961,961,4325,0.9953168363253245,,operator_stepwise_hybrid,20,
643.3158404725938,nan,,,nan,random_internal,nan,,nan,nan,nan,"Matches the public P06 adaptation geometry and transient injection-extraction schedule, but uses a single uniform operator-observation stride that resets at phase boundaries, without phase-specific monitoring overrides; this serves as the budget reference for the phase-aware protocol ablation.",structured_public_adapter,P06 reference protocol with a uniform per-phase operator-observation stride and pathline monitoring anchors.,public_modflow6_mt3dms,MODFLOW 6 P06 Uniform Monitoring Reference,modflow6_mt3dms_p06_uniform_reference,MODFLOW 6 Examples ex-gwt-mt3dms-p06; benchmark origin in El-Kadi (1988) and Zheng (1993).,ex-gwt-mt3dms-p06,MT3DMS Problem 6,official_modflow6_example,https://modflow6-examples.readthedocs.io/en/latest/_examples/ex-gwt-mt3dms-p06.html,,,,,,,,,,,,,,,,,,,,,,,,,,,,,,,,,,,,,,,,,,,,,,,,,,,,,,,,,,,,,,487.6374774000321,,,,,,,,,,,,,,,,,,,,,,,,,,,random16,True,random_internal,100,2.5,930,930,,,,,,,,,,,,,,,,,,,,,,,,,,,,,,,,,,,,,public_modflow_p06_budget_ablation_modflow6_mt3dms_p06_uniform_reference_var1p0_k101_qexact_obs0p02_c7335,head,dirichlet,dirichlet,perimeter_dirichlet,dirichlet,dirichlet,True,0.004683163674675508,961,961,4325,0.9953168363253245,2,1,1,2,-86400,86400,86400,0,0,0,1,0.1112321390280895,1.130038100759123,1.613586878832044,0.06893470719630673,0.1750209138814464,0.008067934394160222,0.1687885489932121,flow_head,648.5482854913834,nan,nan,1,constant,101,432,432,432,0,nan,nan,nan,nan,nan,nan,nan,nan,nan,nan,nan,global,nan,0.09509887080510521,nan,1,nan,nan,nan,nan,nan,nan,nan,nan,nan,nan,nan,nan,nan,nan,nan,nan,nan,nan,nan,nan,nan,nan,global,global,nan,1,nan,nan,nan,nan,nan,nan,nan,nan,None,nan,nan,nan,0.3588112126527558,nan,0,nan,nan,0,nan,nan,,nan,nan,nan,nan,nan,nan,nan,nan,nan,nan,nan,nan,nan,nan,nan,nan,nan,nan,nan,nan,nan,nan,nan,nan,nan,16,961,31,31,keyed_shared_v1,7335,flow_head,deterministic_exact,exact,200,600,26902973.32735698,900,500,800,875182.2773117382,900,650,850,1174.798526980494,900,700,850,17.53973067708032,900,True,1,flow_head,648.5482854913834,1460,,,,,,,,,,,True,0.004683163674675508,961,961,4325,0.9953168363253245,,operator_stepwise_hybrid,20,
646.8556257230919,nan,,,nan,random_internal,nan,,nan,nan,nan,"Matches the public P06 adaptation geometry and transient injection-extraction schedule, but uses a single uniform operator-observation stride that resets at phase boundaries, without phase-specific monitoring overrides; this serves as the budget reference for the phase-aware protocol ablation.",structured_public_adapter,P06 reference protocol with a uniform per-phase operator-observation stride and pathline monitoring anchors.,public_modflow6_mt3dms,MODFLOW 6 P06 Uniform Monitoring Reference,modflow6_mt3dms_p06_uniform_reference,MODFLOW 6 Examples ex-gwt-mt3dms-p06; benchmark origin in El-Kadi (1988) and Zheng (1993).,ex-gwt-mt3dms-p06,MT3DMS Problem 6,official_modflow6_example,https://modflow6-examples.readthedocs.io/en/latest/_examples/ex-gwt-mt3dms-p06.html,,,,,,,,,,,,,,,,,,,,,,,,,,,,,,,,,,,,,,,,,,,,,,,,,,,,,,,,,,,,,,487.6374774000321,,,,,,,,,,,,,,,,,,,,,,,,,,,random64,True,random_internal,100,2.5,930,930,,,,,,,,,,,,,,,,,,,,,,,,,,,,,,,,,,,,,public_modflow_p06_budget_ablation_modflow6_mt3dms_p06_uniform_reference_var1p0_k101_qexact_obs0p02_c7335,head,dirichlet,dirichlet,perimeter_dirichlet,dirichlet,dirichlet,True,0.004683163674675508,961,961,4325,0.9953168363253245,2,1,1,2,-86400,86400,86400,0,0,0,1,0.03598282753048545,0.3655595085897403,1.043968386723293,0.03446735359815337,0.08751045694072319,0.002609920966808235,0.05460192800940306,flow_head,648.5482854913834,nan,nan,1,constant,101,432,432,432,0,nan,nan,nan,nan,nan,nan,nan,nan,nan,nan,nan,global,nan,0.3803954832204208,nan,1,nan,nan,nan,nan,nan,nan,nan,nan,nan,nan,nan,nan,nan,nan,nan,nan,nan,nan,nan,nan,nan,nan,global,global,nan,1,nan,nan,nan,nan,nan,nan,nan,nan,None,nan,nan,nan,0.4052267594670956,nan,0,nan,nan,0,nan,nan,,nan,nan,nan,nan,nan,nan,nan,nan,nan,nan,nan,nan,nan,nan,nan,nan,nan,nan,nan,nan,nan,nan,nan,nan,nan,64,961,31,31,keyed_shared_v1,7335,flow_head,deterministic_exact,exact,200,600,26902973.32735698,900,500,800,875182.2773117382,900,650,850,1174.798526980494,900,700,850,17.53973067708032,900,True,1,flow_head,648.5482854913834,1460,,,,,,,,,,,True,0.004683163674675508,961,961,4325,0.9953168363253245,,operator_stepwise_hybrid,20,
496.8681500856311,1,sources,pumpback,20,sources,False,,nan,nan,nan,"Matches the public P06 adaptation geometry and transient injection-extraction schedule, but uses a single uniform operator-observation stride that resets at phase boundaries, without phase-specific monitoring overrides; this serves as the budget reference for the phase-aware protocol ablation.",structured_public_adapter,P06 reference protocol with a uniform per-phase operator-observation stride and pathline monitoring anchors.,public_modflow6_mt3dms,MODFLOW 6 P06 Uniform Monitoring Reference,modflow6_mt3dms_p06_uniform_reference,MODFLOW 6 Examples ex-gwt-mt3dms-p06; benchmark origin in El-Kadi (1988) and Zheng (1993).,ex-gwt-mt3dms-p06,MT3DMS Problem 6,official_modflow6_example,https://modflow6-examples.readthedocs.io/en/latest/_examples/ex-gwt-mt3dms-p06.html,9.094947017729282e-12,13950.00000000003,5.456968210637569e-12,13950.00000000003,13950.00000000001,7.275957614183426e-12,13950,0.00120627261761158,0.00120627261761158,0.04389447054424545,612702138.5718076,-20176355.81361234,632878494.38542,-0.03188029928747277,9.427311241028121,21.94442170229367,496.1654335807017,1.936834369108489,486.7381223396736,0,0,0,nan,nan,17206.70082266004,-2903.90041038979,20110.60123304983,-0.1443964989777386,-0.1443964989777386,0,0,0,nan,nan,2700.156856162043,-544.7057949434534,3244.862651105497,-0.1678671344557147,-0.02708550523334339,0,0,0,nan,nan,32.93909161267606,-10.1466690874141,43.08576070009016,-0.2354993604045353,-0.0005045432988218684,0,0,0,nan,nan,1.289030048099497,-0.4914856755410941,1.780515723640592,-0.2760355716130163,-2.443913386007499e-05,0.01446301926061709,0.009478080192433088,487.6374774000321,0.02050981543665846,0.3226243439184635,1329.058273594852,-96.64684247337209,1425.705116068224,1329.058273594814,-96.64684247337209,1425.705116068186,496.1654335807017,9.427311241028121,486.7381223396736,0.01936834369108489,42868693.46137263,814519.6912248284,42054173.7701478,0.01936834369108486,0.01936834369108486,496.1654335807017,9.427311241028121,486.7381223396736,0.01936834369108489,42868693.46137263,814519.6912248284,42054173.7701478,0.01936834369108486,0.01936834369108486,sources,True,sources,100,2.5,930,930,250,50,650,50,24180444.09796236,-2722529.229394611,-0.1011980793448633,900,0,550,50,800,0,692825.5361610797,-182356.7411506586,-0.208364298361704,900,0,700,50,850,0,782.1382868174901,-392.6602401630034,-0.334236238082654,900,0,700,0,850,0,10.69536510953388,-6.84436556754644,-0.3902206763351374,900,0,public_modflow_p06_budget_ablation_modflow6_mt3dms_p06_uniform_reference_var1p0_k101_qexact_obs0p02_c7335,concentration,dirichlet,dirichlet,perimeter_dirichlet,dirichlet,dirichlet,True,0.004683163674675508,961,961,4325,0.9953168363253245,2,1,1,2,-86400,86400,86400,0,0,,,,,,,,,,flow_head,648.5482854913834,nan,nan,1,constant,101,432,432,432,0,nan,nan,nan,nan,nan,nan,nan,nan,nan,nan,nan,global,nan,0.01052252524020797,nan,1,nan,nan,nan,nan,nan,nan,nan,nan,nan,nan,nan,nan,nan,nan,nan,nan,nan,nan,nan,nan,nan,nan,global,global,nan,1,nan,nan,nan,nan,nan,nan,nan,nan,None,nan,nan,nan,5.684341886080801e-14,nan,0,nan,nan,0,nan,nan,,nan,nan,nan,nan,nan,nan,nan,nan,nan,nan,nan,nan,nan,nan,nan,nan,nan,nan,nan,nan,nan,nan,nan,nan,nan,1,961,31,31,keyed_shared_v1,7335,flow_head,deterministic_exact,exact,200,600,26902973.32735698,900,500,800,875182.2773117382,900,650,850,1174.798526980494,900,700,850,17.53973067708032,900,True,1,transport_operator_sources_global_step1460,500.3329173732172,1460,operator_stepwise_hybrid,nan,nan,False,1,56,,nan,nan,nan,True,0.004683163674675508,961,961,4325,0.9953168363253245,20,operator_stepwise_hybrid,20,75
496.868150085631,1,sources,pumpback,20,sources,False,,nan,nan,nan,"Matches the public P06 adaptation geometry and transient injection-extraction schedule, but uses a single uniform operator-observation stride that resets at phase boundaries, without phase-specific monitoring overrides; this serves as the budget reference for the phase-aware protocol ablation.",structured_public_adapter,P06 reference protocol with a uniform per-phase operator-observation stride and pathline monitoring anchors.,public_modflow6_mt3dms,MODFLOW 6 P06 Uniform Monitoring Reference,modflow6_mt3dms_p06_uniform_reference,MODFLOW 6 Examples ex-gwt-mt3dms-p06; benchmark origin in El-Kadi (1988) and Zheng (1993).,ex-gwt-mt3dms-p06,MT3DMS Problem 6,official_modflow6_example,https://modflow6-examples.readthedocs.io/en/latest/_examples/ex-gwt-mt3dms-p06.html,9.094947017729282e-12,13950.00000000003,5.456968210637569e-12,13950.00000000003,13950.00000000001,7.275957614183426e-12,13950,0.00120627261761158,0.00120627261761158,0.04389447054424545,612702138.5718076,-20176355.81361234,632878494.38542,-0.03188029928747277,9.427311241028121,21.94442170229367,496.1654335807017,1.936834369108489,486.7381223396736,0,0,0,nan,nan,17206.70082266004,-2903.90041038979,20110.60123304983,-0.1443964989777386,-0.1443964989777386,0,0,0,nan,nan,2700.156856162043,-544.7057949434534,3244.862651105497,-0.1678671344557147,-0.02708550523334339,0,0,0,nan,nan,32.93909161267606,-10.1466690874141,43.08576070009016,-0.2354993604045353,-0.0005045432988218684,0,0,0,nan,nan,1.289030048099497,-0.4914856755410941,1.780515723640592,-0.2760355716130163,-2.443913386007499e-05,0.01446301926061709,0.009478080192433088,487.6374774000321,0.02050981543665846,0.3226243439184635,1329.058273594852,-96.64684247337209,1425.705116068224,1329.058273594814,-96.64684247337209,1425.705116068186,496.1654335807017,9.427311241028121,486.7381223396736,0.01936834369108489,42868693.46137263,814519.6912248284,42054173.7701478,0.01936834369108486,0.01936834369108486,496.1654335807017,9.427311241028121,486.7381223396736,0.01936834369108489,42868693.46137263,814519.6912248284,42054173.7701478,0.01936834369108486,0.01936834369108486,sources,True,sources,100,2.5,930,930,250,50,650,50,24180444.09796236,-2722529.229394611,-0.1011980793448633,900,0,550,50,800,0,692825.5361610797,-182356.7411506586,-0.208364298361704,900,0,700,50,850,0,782.1382868174901,-392.6602401630034,-0.334236238082654,900,0,700,0,850,0,10.69536510953388,-6.84436556754644,-0.3902206763351374,900,0,public_modflow_p06_budget_ablation_modflow6_mt3dms_p06_uniform_reference_var1p0_k101_qexact_obs0p02_c7335,concentration,dirichlet,dirichlet,perimeter_dirichlet,dirichlet,dirichlet,True,0.004683163674675508,961,961,4325,0.9953168363253245,2,1,1,2,-86400,86400,86400,0,0,,,,,,,,,,flow_head,648.5482854913834,nan,nan,1,constant,101,432,432,432,0,1,nan,nan,1,0,nan,1,1,nan,nan,1,radial_gaussian,2.858249533930252e-17,0.01052252524020797,95.0179657510473,1,1,False,None,1,nan,nan,nan,nan,nan,nan,nan,nan,nan,nan,nan,nan,nan,nan,None,0.15,None,1,adaptive_eb_radial4,regional_adaptive_eb,8,1,95.0179657510473,nan,nan,nan,nan,nan,nan,nan,8.169590398212504e-34,1.5,1,4,5.684341886080801e-14,1,0,2.288068529102244e-16,9.501788023669152e-11,0,nan,nan,,nan,nan,nan,2.932224898605836e-18,2.22891235992078e-15,1,1,nan,nan,1,0,nan,1,1,nan,nan,0.125,nan,nan,nan,nan,nan,1,None,0,1,961,31,31,keyed_shared_v1,7335,flow_head,deterministic_exact,exact,200,600,26902973.32735698,900,500,800,875182.2773117382,900,650,850,1174.798526980494,900,700,850,17.53973067708032,900,True,1,transport_operator_sources_adaptive_eb_radial4_step1460,500.3329173732172,1460,operator_stepwise_hybrid,nan,nan,False,1,56,,nan,nan,nan,True,0.004683163674675508,961,961,4325,0.9953168363253245,20,operator_stepwise_hybrid,20,75
496.868150085631,1,sources,pumpback,20,sources,False,,nan,nan,nan,"Matches the public P06 adaptation geometry and transient injection-extraction schedule, but uses a single uniform operator-observation stride that resets at phase boundaries, without phase-specific monitoring overrides; this serves as the budget reference for the phase-aware protocol ablation.",structured_public_adapter,P06 reference protocol with a uniform per-phase operator-observation stride and pathline monitoring anchors.,public_modflow6_mt3dms,MODFLOW 6 P06 Uniform Monitoring Reference,modflow6_mt3dms_p06_uniform_reference,MODFLOW 6 Examples ex-gwt-mt3dms-p06; benchmark origin in El-Kadi (1988) and Zheng (1993).,ex-gwt-mt3dms-p06,MT3DMS Problem 6,official_modflow6_example,https://modflow6-examples.readthedocs.io/en/latest/_examples/ex-gwt-mt3dms-p06.html,9.094947017729282e-12,13950.00000000003,5.456968210637569e-12,13950.00000000003,13950.00000000001,7.275957614183426e-12,13950,0.00120627261761158,0.00120627261761158,0.04389447054424545,612702138.5718076,-20176355.81361234,632878494.38542,-0.03188029928747277,9.427311241028121,21.94442170229367,496.1654335807017,1.936834369108489,486.7381223396736,0,0,0,nan,nan,17206.70082266004,-2903.90041038979,20110.60123304983,-0.1443964989777386,-0.1443964989777386,0,0,0,nan,nan,2700.156856162043,-544.7057949434534,3244.862651105497,-0.1678671344557147,-0.02708550523334339,0,0,0,nan,nan,32.93909161267606,-10.1466690874141,43.08576070009016,-0.2354993604045353,-0.0005045432988218684,0,0,0,nan,nan,1.289030048099497,-0.4914856755410941,1.780515723640592,-0.2760355716130163,-2.443913386007499e-05,0.01446301926061709,0.009478080192433088,487.6374774000321,0.02050981543665846,0.3226243439184635,1329.058273594852,-96.64684247337209,1425.705116068224,1329.058273594814,-96.64684247337209,1425.705116068186,496.1654335807017,9.427311241028121,486.7381223396736,0.01936834369108489,42868693.46137263,814519.6912248284,42054173.7701478,0.01936834369108486,0.01936834369108486,496.1654335807017,9.427311241028121,486.7381223396736,0.01936834369108489,42868693.46137263,814519.6912248284,42054173.7701478,0.01936834369108486,0.01936834369108486,sources,True,sources,100,2.5,930,930,250,50,650,50,24180444.09796236,-2722529.229394611,-0.1011980793448633,900,0,550,50,800,0,692825.5361610797,-182356.7411506586,-0.208364298361704,900,0,700,50,850,0,782.1382868174901,-392.6602401630034,-0.334236238082654,900,0,700,0,850,0,10.69536510953388,-6.84436556754644,-0.3902206763351374,900,0,public_modflow_p06_budget_ablation_modflow6_mt3dms_p06_uniform_reference_var1p0_k101_qexact_obs0p02_c7335,concentration,dirichlet,dirichlet,perimeter_dirichlet,dirichlet,dirichlet,True,0.004683163674675508,961,961,4325,0.9953168363253245,2,1,1,2,-86400,86400,86400,0,0,,,,,,,,,,flow_head,648.5482854913834,nan,nan,1,constant,101,432,432,432,0,1,nan,nan,1,0,nan,1,1,nan,nan,1,radial_hierarchical_lowrank,1.699525341101534e-17,0.01052252524020797,95.0179657510473,1,1,False,4,1,5.166666666666667,1,True,nan,0,0,0,0,0,2.199818324748097e-13,0,0,0,1,0.97,0.2,4,1.5,adaptive_eb_hlradial4,regional_adaptive_eb,8,1,95.0179657510473,4.031426673423539,0.35,False,4.031426673423539,0,1,2.199818324748097e-13,2.888386385046284e-34,1.5,15,4,5.684341886080801e-14,1,0,2.288068529102244e-16,9.501788023669152e-11,0,1460,1,pumpback,1,366,False,1.743511356105097e-18,2.22891235992078e-15,1,1,nan,nan,1,0,nan,1,1,nan,nan,0.07432544468767006,nan,nan,nan,nan,nan,1,None,0,1,961,31,31,keyed_shared_v1,7335,flow_head,deterministic_exact,exact,200,600,26902973.32735698,900,500,800,875182.2773117382,900,650,850,1174.798526980494,900,700,850,17.53973067708032,900,True,1,transport_operator_sources_adaptive_eb_hlradial4_step1460,500.3329173732172,1460,operator_stepwise_hybrid,nan,nan,False,1,56,,nan,nan,nan,True,0.004683163674675508,961,961,4325,0.9953168363253245,20,operator_stepwise_hybrid,20,75
496.8681500338271,1,sources,pumpback,20,sources,False,,nan,nan,nan,"Matches the public P06 adaptation geometry and transient injection-extraction schedule, but uses a single uniform operator-observation stride that resets at phase boundaries, without phase-specific monitoring overrides; this serves as the budget reference for the phase-aware protocol ablation.",structured_public_adapter,P06 reference protocol with a uniform per-phase operator-observation stride and pathline monitoring anchors.,public_modflow6_mt3dms,MODFLOW 6 P06 Uniform Monitoring Reference,modflow6_mt3dms_p06_uniform_reference,MODFLOW 6 Examples ex-gwt-mt3dms-p06; benchmark origin in El-Kadi (1988) and Zheng (1993).,ex-gwt-mt3dms-p06,MT3DMS Problem 6,official_modflow6_example,https://modflow6-examples.readthedocs.io/en/latest/_examples/ex-gwt-mt3dms-p06.html,4.067383956680332e-12,13950.00000000003,1.818989403545856e-12,13950.00000000003,13950.00000000001,3.637978807091713e-12,13950,0.00120627261761158,0.00120627261761158,0.04389447133283788,612702137.8348032,-20176356.55061674,632878494.38542,-0.03188030045200025,9.427311193883497,21.94629912412528,496.1654335335571,1.936834359422659,486.7381223396736,0,0,0,nan,nan,17206.70075317004,-2903.900479879794,20110.60123304983,-0.1443965024331303,-0.1443965024331303,0,0,0,nan,nan,2700.156845063118,-544.7058060423792,3244.862651105497,-0.1678671378761756,-0.02708550578523768,0,0,0,nan,nan,32.93909147381473,-10.14666922627543,43.08576070009016,-0.2354993636274408,-0.0005045433057267505,0,0,0,nan,nan,1.289030042623142,-0.4914856810174497,1.780515723640592,-0.2760355746887295,-2.443913413238687e-05,0.01446178219054318,0.00947726947307148,487.6374774000321,0.02050981540725127,0.3226243434558813,1329.058271693191,-96.64684437503388,1425.705116068224,1329.058271693152,-96.64684437503388,1425.705116068186,496.1654335335571,9.427311193883497,486.7381223396736,0.01936834359422659,42868693.45729934,814519.6871515363,42054173.7701478,0.01936834359422664,0.01936834359422664,496.1654335335571,9.427311193883497,486.7381223396736,0.01936834359422659,42868693.45729934,814519.6871515363,42054173.7701478,0.01936834359422664,0.01936834359422664,sources,True,sources,100,2.5,930,930,250,50,650,50,24180443.72266245,-2722529.60469453,-0.1011980932949912,900,0,550,50,800,0,692825.5241905305,-182356.7531212077,-0.2083643120394822,900,0,700,50,850,0,782.1382731205125,-392.660253859981,-0.3342362497416553,900,0,700,0,850,0,10.69536492189033,-6.844365755189987,-0.3902206870333374,900,0,public_modflow_p06_budget_ablation_modflow6_mt3dms_p06_uniform_reference_var1p0_k101_qexact_obs0p02_c7335,concentration,dirichlet,dirichlet,perimeter_dirichlet,dirichlet,dirichlet,True,0.004683163674675508,961,961,4325,0.9953168363253245,2,1,1,2,-86400,86400,86400,0,0,,,,,,,,,,flow_head,648.5482854913834,nan,nan,1,constant,101,432,432,432,0,nan,nan,nan,nan,nan,nan,nan,nan,nan,nan,1,radial_gaussian,9.747715924732868,0.0105225252404025,nan,1,nan,nan,None,nan,nan,nan,nan,nan,nan,nan,nan,nan,nan,nan,nan,nan,nan,nan,None,0.15,None,1,regional_radial4,regional_bayesian,8,1,nan,nan,nan,nan,nan,nan,nan,nan,95.01796574929074,1.5,1,4,4.714456736110151e-08,1,0,nan,nan,0,nan,nan,,nan,nan,nan,nan,nan,nan,nan,nan,nan,nan,nan,nan,nan,nan,nan,nan,nan,nan,nan,nan,nan,nan,nan,nan,nan,1,961,31,31,keyed_shared_v1,7335,flow_head,deterministic_exact,exact,200,600,26902973.32735698,900,500,800,875182.2773117382,900,650,850,1174.798526980494,900,700,850,17.53973067708032,900,True,1,transport_operator_sources_regional_radial4_step1460,500.3329173190901,1460,operator_stepwise_hybrid,nan,nan,False,1,56,,nan,nan,nan,True,0.004683163674675508,961,961,4325,0.9953168363253245,20,operator_stepwise_hybrid,20,75
496.8681500338271,1,sources,pumpback,20,sources,False,,nan,nan,nan,"Matches the public P06 adaptation geometry and transient injection-extraction schedule, but uses a single uniform operator-observation stride that resets at phase boundaries, without phase-specific monitoring overrides; this serves as the budget reference for the phase-aware protocol ablation.",structured_public_adapter,P06 reference protocol with a uniform per-phase operator-observation stride and pathline monitoring anchors.,public_modflow6_mt3dms,MODFLOW 6 P06 Uniform Monitoring Reference,modflow6_mt3dms_p06_uniform_reference,MODFLOW 6 Examples ex-gwt-mt3dms-p06; benchmark origin in El-Kadi (1988) and Zheng (1993).,ex-gwt-mt3dms-p06,MT3DMS Problem 6,official_modflow6_example,https://modflow6-examples.readthedocs.io/en/latest/_examples/ex-gwt-mt3dms-p06.html,4.067383956680332e-12,13950.00000000003,1.818989403545856e-12,13950.00000000003,13950.00000000001,3.637978807091713e-12,13950,0.00120627261761158,0.00120627261761158,0.04389447133283788,612702137.8348032,-20176356.55061674,632878494.38542,-0.03188030045200025,9.427311193883497,21.94629912412528,496.1654335335571,1.936834359422659,486.7381223396736,0,0,0,nan,nan,17206.70075317004,-2903.900479879794,20110.60123304983,-0.1443965024331303,-0.1443965024331303,0,0,0,nan,nan,2700.156845063118,-544.7058060423792,3244.862651105497,-0.1678671378761756,-0.02708550578523768,0,0,0,nan,nan,32.93909147381473,-10.14666922627543,43.08576070009016,-0.2354993636274408,-0.0005045433057267505,0,0,0,nan,nan,1.289030042623142,-0.4914856810174497,1.780515723640592,-0.2760355746887295,-2.443913413238687e-05,0.01446178219054318,0.00947726947307148,487.6374774000321,0.02050981540725127,0.3226243434558813,1329.058271693191,-96.64684437503388,1425.705116068224,1329.058271693152,-96.64684437503388,1425.705116068186,496.1654335335571,9.427311193883497,486.7381223396736,0.01936834359422659,42868693.45729934,814519.6871515363,42054173.7701478,0.01936834359422664,0.01936834359422664,496.1654335335571,9.427311193883497,486.7381223396736,0.01936834359422659,42868693.45729934,814519.6871515363,42054173.7701478,0.01936834359422664,0.01936834359422664,sources,True,sources,100,2.5,930,930,250,50,650,50,24180443.72266245,-2722529.60469453,-0.1011980932949912,900,0,550,50,800,0,692825.5241905305,-182356.7531212077,-0.2083643120394822,900,0,700,50,850,0,782.1382731205125,-392.660253859981,-0.3342362497416553,900,0,700,0,850,0,10.69536492189033,-6.844365755189987,-0.3902206870333374,900,0,public_modflow_p06_budget_ablation_modflow6_mt3dms_p06_uniform_reference_var1p0_k101_qexact_obs0p02_c7335,concentration,dirichlet,dirichlet,perimeter_dirichlet,dirichlet,dirichlet,True,0.004683163674675508,961,961,4325,0.9953168363253245,2,1,1,2,-86400,86400,86400,0,0,,,,,,,,,,flow_head,648.5482854913834,nan,nan,1,constant,101,432,432,432,0,nan,nan,nan,nan,nan,nan,nan,nan,nan,nan,1,radial_hierarchical_lowrank,9.747715924732868,0.0105225252404025,nan,1,nan,nan,4,nan,nan,nan,nan,nan,nan,nan,nan,nan,nan,nan,nan,nan,nan,nan,0.97,0.2,4,1.5,regional_hlradial4,regional_bayesian,8,1,nan,nan,nan,nan,nan,nan,nan,nan,95.01796574929074,1.5,15,4,4.714456736110151e-08,1,0,nan,nan,0,nan,nan,,nan,nan,nan,nan,nan,nan,nan,nan,nan,nan,nan,nan,nan,nan,nan,nan,nan,nan,nan,nan,nan,nan,nan,nan,nan,1,961,31,31,keyed_shared_v1,7335,flow_head,deterministic_exact,exact,200,600,26902973.32735698,900,500,800,875182.2773117382,900,650,850,1174.798526980494,900,700,850,17.53973067708032,900,True,1,transport_operator_sources_regional_hlradial4_step1460,500.3329173190901,1460,operator_stepwise_hybrid,nan,nan,False,1,56,,nan,nan,nan,True,0.004683163674675508,961,961,4325,0.9953168363253245,20,operator_stepwise_hybrid,20,75
518.0726494910227,4,pathline_monitoring,pumpback,20,pathline_monitoring,False,,nan,nan,nan,"Matches the public P06 adaptation geometry and transient injection-extraction schedule, but uses a single uniform operator-observation stride that resets at phase boundaries, without phase-specific monitoring overrides; this serves as the budget reference for the phase-aware protocol ablation.",structured_public_adapter,P06 reference protocol with a uniform per-phase operator-observation stride and pathline monitoring anchors.,public_modflow6_mt3dms,MODFLOW 6 P06 Uniform Monitoring Reference,modflow6_mt3dms_p06_uniform_reference,MODFLOW 6 Examples ex-gwt-mt3dms-p06; benchmark origin in El-Kadi (1988) and Zheng (1993).,ex-gwt-mt3dms-p06,MT3DMS Problem 6,official_modflow6_example,https://modflow6-examples.readthedocs.io/en/latest/_examples/ex-gwt-mt3dms-p06.html,4.067383956680332e-12,13950.00000000003,3.637978807091713e-12,13950.00000000003,13950,1.818989403545856e-12,13950,0.004825090470446321,0.004825090470446321,0.04576161786065463,647681548.1772913,14803053.79187131,632878494.38542,0.02339004077906986,30.54612520021487,23.06697499299027,517.2842475398885,6.275679631047688,486.7381223396736,0,0,0,nan,nan,18842.97678797811,-1267.624445071728,20110.60123304983,-0.06303264782499436,-0.06303264782499436,0,0,0,nan,nan,2981.16088737707,-263.7017637284271,3244.862651105497,-0.0812674655546934,-0.01311257483913801,0,0,0,nan,nan,37.27728403781877,-5.808476662271389,43.08576070009016,-0.1348119788972238,-0.0002888266041855436,0,0,0,nan,nan,1.481395032134043,-0.299120691506549,1.780515723640592,-0.1679966582350319,-1.487378164582036e-05,0.007865736920703477,0.005389775687323614,487.6374774000321,0.06269512435584743,0.9862094285860243,1356.045481290135,-69.65963477808987,1425.705116068224,1356.045481290096,-69.65963477809009,1425.705116068186,517.2842475398885,30.54612520021487,486.7381223396736,0.06275679631047688,44693358.98744637,2639185.217298567,42054173.7701478,0.06275679631047694,0.06275679631047694,517.2842475398885,30.54612520021487,486.7381223396736,0.06275679631047688,44693358.98744637,2639185.217298567,42054173.7701478,0.06275679631047694,0.06275679631047694,pathline_monitoring4,True,pathline_monitoring,100,2.5,930,930,250,50,650,50,24578534.7521821,-2324438.575174876,-0.08640080584740464,900,0,550,50,800,0,729460.2698299539,-145722.0074817843,-0.1665047513637875,900,0,650,0,850,0,866.5194929160821,-308.2790340644115,-0.2624101298941535,900,0,700,0,850,0,12.13981174413911,-5.399918932941208,-0.3078678363059155,900,0,public_modflow_p06_budget_ablation_modflow6_mt3dms_p06_uniform_reference_var1p0_k101_qexact_obs0p02_c7335,concentration,dirichlet,dirichlet,perimeter_dirichlet,dirichlet,dirichlet,True,0.004683163674675508,961,961,4325,0.9953168363253245,2,1,1,2,-86400,86400,86400,0,0,,,,,,,,,,flow_head,648.5482854913834,nan,nan,1,constant,101,432,432,432,0,nan,nan,nan,nan,nan,nan,nan,nan,nan,nan,nan,global,nan,0.03656657764043564,nan,1,nan,nan,nan,nan,nan,nan,nan,nan,nan,nan,nan,nan,nan,nan,nan,nan,nan,nan,nan,nan,nan,nan,global,global,nan,1,nan,nan,nan,nan,nan,nan,nan,nan,None,nan,nan,nan,23.1335088600777,nan,0,nan,nan,0,nan,nan,,nan,nan,nan,nan,nan,nan,nan,nan,nan,nan,nan,nan,nan,nan,nan,nan,nan,nan,nan,nan,nan,nan,nan,nan,nan,4,961,31,31,keyed_shared_v1,7335,flow_head,deterministic_exact,exact,200,600,26902973.32735698,900,500,800,875182.2773117382,900,650,850,1174.798526980494,900,700,850,17.53973067708032,900,True,1,transport_operator_pathline_monitoring4_global_step1460,524.0350210763303,1460,operator_stepwise_hybrid,nan,nan,False,4,56,,nan,nan,nan,True,0.004683163674675508,961,961,4325,0.9953168363253245,20,operator_stepwise_hybrid,20,300
518.072649491023,4,pathline_monitoring,pumpback,20,pathline_monitoring,False,,nan,nan,nan,"Matches the public P06 adaptation geometry and transient injection-extraction schedule, but uses a single uniform operator-observation stride that resets at phase boundaries, without phase-specific monitoring overrides; this serves as the budget reference for the phase-aware protocol ablation.",structured_public_adapter,P06 reference protocol with a uniform per-phase operator-observation stride and pathline monitoring anchors.,public_modflow6_mt3dms,MODFLOW 6 P06 Uniform Monitoring Reference,modflow6_mt3dms_p06_uniform_reference,MODFLOW 6 Examples ex-gwt-mt3dms-p06; benchmark origin in El-Kadi (1988) and Zheng (1993).,ex-gwt-mt3dms-p06,MT3DMS Problem 6,official_modflow6_example,https://modflow6-examples.readthedocs.io/en/latest/_examples/ex-gwt-mt3dms-p06.html,4.067383956680332e-12,13950.00000000003,3.637978807091713e-12,13950.00000000003,13950,1.818989403545856e-12,13950,0.004825090470446321,0.004825090470446321,0.04576161786065463,647681548.1772913,14803053.79187131,632878494.38542,0.02339004077906986,30.54612520021487,23.06697499299027,517.2842475398885,6.275679631047688,486.7381223396736,0,0,0,nan,nan,18842.97678797811,-1267.624445071728,20110.60123304983,-0.06303264782499436,-0.06303264782499436,0,0,0,nan,nan,2981.16088737707,-263.7017637284271,3244.862651105497,-0.0812674655546934,-0.01311257483913801,0,0,0,nan,nan,37.27728403781877,-5.808476662271389,43.08576070009016,-0.1348119788972238,-0.0002888266041855436,0,0,0,nan,nan,1.481395032134043,-0.299120691506549,1.780515723640592,-0.1679966582350319,-1.487378164582036e-05,0.007865736920703477,0.005389775687323614,487.6374774000321,0.06269512435584743,0.9862094285860243,1356.045481290135,-69.65963477808987,1425.705116068224,1356.045481290096,-69.65963477809009,1425.705116068186,517.2842475398885,30.54612520021487,486.7381223396736,0.06275679631047688,44693358.98744637,2639185.217298567,42054173.7701478,0.06275679631047694,0.06275679631047694,517.2842475398885,30.54612520021487,486.7381223396736,0.06275679631047688,44693358.98744637,2639185.217298567,42054173.7701478,0.06275679631047694,0.06275679631047694,pathline_monitoring4,True,pathline_monitoring,100,2.5,930,930,250,50,650,50,24578534.7521821,-2324438.575174876,-0.08640080584740464,900,0,550,50,800,0,729460.2698299539,-145722.0074817843,-0.1665047513637875,900,0,650,0,850,0,866.5194929160821,-308.2790340644115,-0.2624101298941535,900,0,700,0,850,0,12.13981174413911,-5.399918932941208,-0.3078678363059155,900,0,public_modflow_p06_budget_ablation_modflow6_mt3dms_p06_uniform_reference_var1p0_k101_qexact_obs0p02_c7335,concentration,dirichlet,dirichlet,perimeter_dirichlet,dirichlet,dirichlet,True,0.004683163674675508,961,961,4325,0.9953168363253245,2,1,1,2,-86400,86400,86400,0,0,,,,,,,,,,flow_head,648.5482854913834,nan,nan,1,constant,101,432,432,432,0,1,nan,nan,1,0,nan,1,1,nan,nan,1,radial_gaussian,1.919127913075822e-17,0.03656657764043564,27.34613906503434,1,1,False,None,1,nan,nan,nan,nan,nan,nan,nan,nan,nan,nan,nan,nan,nan,nan,None,0.15,None,1,adaptive_eb_radial4,regional_adaptive_eb,8,1,27.34613906503434,nan,nan,nan,nan,nan,nan,nan,3.683051946746758e-34,1.5,1,4,23.1335088600777,1,0,2.194418829799564e-16,2.734640857244836e-11,0,nan,nan,,nan,nan,nan,3.669914219196348e-18,2.007159691897805e-16,1,1,nan,nan,1,0,nan,1,1,nan,nan,0.5,nan,nan,nan,nan,nan,1,None,0,4,961,31,31,keyed_shared_v1,7335,flow_head,deterministic_exact,exact,200,600,26902973.32735698,900,500,800,875182.2773117382,900,650,850,1174.798526980494,900,700,850,17.53973067708032,900,True,1,transport_operator_pathline_monitoring4_adaptive_eb_radial4_step1460,524.0350210763303,1460,operator_stepwise_hybrid,nan,nan,False,4,56,,nan,nan,nan,True,0.004683163674675508,961,961,4325,0.9953168363253245,20,operator_stepwise_hybrid,20,300
518.072649491023,4,pathline_monitoring,pumpback,20,pathline_monitoring,False,,nan,nan,nan,"Matches the public P06 adaptation geometry and transient injection-extraction schedule, but uses a single uniform operator-observation stride that resets at phase boundaries, without phase-specific monitoring overrides; this serves as the budget reference for the phase-aware protocol ablation.",structured_public_adapter,P06 reference protocol with a uniform per-phase operator-observation stride and pathline monitoring anchors.,public_modflow6_mt3dms,MODFLOW 6 P06 Uniform Monitoring Reference,modflow6_mt3dms_p06_uniform_reference,MODFLOW 6 Examples ex-gwt-mt3dms-p06; benchmark origin in El-Kadi (1988) and Zheng (1993).,ex-gwt-mt3dms-p06,MT3DMS Problem 6,official_modflow6_example,https://modflow6-examples.readthedocs.io/en/latest/_examples/ex-gwt-mt3dms-p06.html,4.067383956680332e-12,13950.00000000003,3.637978807091713e-12,13950.00000000003,13950,1.818989403545856e-12,13950,0.004825090470446321,0.004825090470446321,0.04576161786065463,647681548.1772913,14803053.79187131,632878494.38542,0.02339004077906986,30.54612520021487,23.06697499299027,517.2842475398885,6.275679631047688,486.7381223396736,0,0,0,nan,nan,18842.97678797811,-1267.624445071728,20110.60123304983,-0.06303264782499436,-0.06303264782499436,0,0,0,nan,nan,2981.16088737707,-263.7017637284271,3244.862651105497,-0.0812674655546934,-0.01311257483913801,0,0,0,nan,nan,37.27728403781877,-5.808476662271389,43.08576070009016,-0.1348119788972238,-0.0002888266041855436,0,0,0,nan,nan,1.481395032134043,-0.299120691506549,1.780515723640592,-0.1679966582350319,-1.487378164582036e-05,0.007865736920703477,0.005389775687323614,487.6374774000321,0.06269512435584743,0.9862094285860243,1356.045481290135,-69.65963477808987,1425.705116068224,1356.045481290096,-69.65963477809009,1425.705116068186,517.2842475398885,30.54612520021487,486.7381223396736,0.06275679631047688,44693358.98744637,2639185.217298567,42054173.7701478,0.06275679631047694,0.06275679631047694,517.2842475398885,30.54612520021487,486.7381223396736,0.06275679631047688,44693358.98744637,2639185.217298567,42054173.7701478,0.06275679631047694,0.06275679631047694,pathline_monitoring4,True,pathline_monitoring,100,2.5,930,930,250,50,650,50,24578534.7521821,-2324438.575174876,-0.08640080584740464,900,0,550,50,800,0,729460.2698299539,-145722.0074817843,-0.1665047513637875,900,0,650,0,850,0,866.5194929160821,-308.2790340644115,-0.2624101298941535,900,0,700,0,850,0,12.13981174413911,-5.399918932941208,-0.3078678363059155,900,0,public_modflow_p06_budget_ablation_modflow6_mt3dms_p06_uniform_reference_var1p0_k101_qexact_obs0p02_c7335,concentration,dirichlet,dirichlet,perimeter_dirichlet,dirichlet,dirichlet,True,0.004683163674675508,961,961,4325,0.9953168363253245,2,1,1,2,-86400,86400,86400,0,0,,,,,,,,,,flow_head,648.5482854913834,nan,nan,1,constant,101,432,432,432,0,1,nan,nan,1,0,nan,1,1,nan,nan,1,radial_hierarchical_lowrank,1.6137877825188e-17,0.03656657764043564,27.34613906503434,1,1,False,4,1,1.5,1,True,nan,0,0,0,0,0,2.199818324748097e-13,0,0,0,1,0.97,0.2,4,1.5,adaptive_eb_hlradial4,regional_adaptive_eb,8,1,27.34613906503434,0.3716241937191764,0.35,False,0.3716241937191764,0,1,2.199818324748097e-13,2.604311007006947e-34,1.5,15,4,23.1335088600777,1,0,2.194418829799564e-16,2.734640857244836e-11,0,1460,1,pumpback,1,366,False,3.086017711210844e-18,2.007159691897805e-16,1,1,nan,nan,1,0,nan,1,1,nan,nan,0.4204482076268573,nan,nan,nan,nan,nan,1,None,0,4,961,31,31,keyed_shared_v1,7335,flow_head,deterministic_exact,exact,200,600,26902973.32735698,900,500,800,875182.2773117382,900,650,850,1174.798526980494,900,700,850,17.53973067708032,900,True,1,transport_operator_pathline_monitoring4_adaptive_eb_hlradial4_step1460,524.0350210763303,1460,operator_stepwise_hybrid,nan,nan,False,4,56,,nan,nan,nan,True,0.004683163674675508,961,961,4325,0.9953168363253245,20,operator_stepwise_hybrid,20,300
518.0726497584028,4,pathline_monitoring,pumpback,20,pathline_monitoring,False,,nan,nan,nan,"Matches the public P06 adaptation geometry and transient injection-extraction schedule, but uses a single uniform operator-observation stride that resets at phase boundaries, without phase-specific monitoring overrides; this serves as the budget reference for the phase-aware protocol ablation.",structured_public_adapter,P06 reference protocol with a uniform per-phase operator-observation stride and pathline monitoring anchors.,public_modflow6_mt3dms,MODFLOW 6 P06 Uniform Monitoring Reference,modflow6_mt3dms_p06_uniform_reference,MODFLOW 6 Examples ex-gwt-mt3dms-p06; benchmark origin in El-Kadi (1988) and Zheng (1993).,ex-gwt-mt3dms-p06,MT3DMS Problem 6,official_modflow6_example,https://modflow6-examples.readthedocs.io/en/latest/_examples/ex-gwt-mt3dms-p06.html,2.572439484307497e-12,13950.00000000003,1.818989403545856e-12,13950.00000000003,13950,1.818989403545856e-12,13950,0.004825090470446321,0.004825090470446321,0.04576161822783586,647681548.3360517,14803053.95063174,632878494.38542,0.02339004102992438,30.5461254684252,23.06749733431089,517.2842478080988,6.275679686151308,486.7381223396736,0,0,0,nan,nan,18842.97678003262,-1267.624453017219,20110.60123304983,-0.06303264822008406,-0.06303264822008406,0,0,0,nan,nan,2981.160886068596,-263.7017650369012,3244.862651105497,-0.08126746595793824,-0.01311257490420191,0,0,0,nan,nan,37.27728402050316,-5.808476679586995,43.08576070009016,-0.1348119792991108,-0.0002888266050465624,0,0,0,nan,nan,1.481395031434007,-0.2991206922065848,1.780515723640592,-0.1679966586281965,-1.487378168062965e-05,0.007865558830075598,0.005389653652010406,487.6374774000321,0.06269512490615128,0.9862094372424366,1356.045480833617,-69.65963523460755,1425.705116068224,1356.045480833578,-69.659635234608,1425.705116068186,517.2842478080988,30.5461254684252,486.7381223396736,0.06275679686151309,44693359.01061974,2639185.240471937,42054173.7701478,0.06275679686151307,0.06275679686151307,517.2842478080988,30.5461254684252,486.7381223396736,0.06275679686151309,44693359.01061974,2639185.240471937,42054173.7701478,0.06275679686151307,0.06275679686151307,pathline_monitoring4,True,pathline_monitoring,100,2.5,930,930,250,50,650,50,24578534.66041749,-2324438.666939482,-0.08640080925835128,900,0,550,50,800,0,729460.2667994915,-145722.0105122468,-0.1665047548264518,900,0,650,0,850,0,866.5194892664117,-308.2790377140818,-0.2624101330007886,900,0,700,0,850,0,12.13981169291031,-5.399918984170007,-0.3078678392266444,900,0,public_modflow_p06_budget_ablation_modflow6_mt3dms_p06_uniform_reference_var1p0_k101_qexact_obs0p02_c7335,concentration,dirichlet,dirichlet,perimeter_dirichlet,dirichlet,dirichlet,True,0.004683163674675508,961,961,4325,0.9953168363253245,2,1,1,2,-86400,86400,86400,0,0,,,,,,,,,,flow_head,648.5482854913834,nan,nan,1,constant,101,432,432,432,0,nan,nan,nan,nan,nan,nan,nan,nan,nan,nan,1,radial_gaussian,5.229353602130979,0.03656657759886826,nan,1,nan,nan,None,nan,nan,nan,nan,nan,nan,nan,nan,nan,nan,nan,nan,nan,nan,nan,None,0.15,None,1,regional_radial4,regional_bayesian,8,1,nan,nan,nan,nan,nan,nan,nan,nan,27.34613909612024,1.5,1,4,23.13350899418678,1,0,nan,nan,0,nan,nan,,nan,nan,nan,nan,nan,nan,nan,nan,nan,nan,nan,nan,nan,nan,nan,nan,nan,nan,nan,nan,nan,nan,nan,nan,nan,4,961,31,31,keyed_shared_v1,7335,flow_head,deterministic_exact,exact,200,600,26902973.32735698,900,500,800,875182.2773117382,900,650,850,1174.798526980494,900,700,850,17.53973067708032,900,True,1,transport_operator_pathline_monitoring4_regional_radial4_step1460,524.0350213512248,1460,operator_stepwise_hybrid,nan,nan,False,4,56,,nan,nan,nan,True,0.004683163674675508,961,961,4325,0.9953168363253245,20,operator_stepwise_hybrid,20,300
518.0726497584028,4,pathline_monitoring,pumpback,20,pathline_monitoring,False,,nan,nan,nan,"Matches the public P06 adaptation geometry and transient injection-extraction schedule, but uses a single uniform operator-observation stride that resets at phase boundaries, without phase-specific monitoring overrides; this serves as the budget reference for the phase-aware protocol ablation.",structured_public_adapter,P06 reference protocol with a uniform per-phase operator-observation stride and pathline monitoring anchors.,public_modflow6_mt3dms,MODFLOW 6 P06 Uniform Monitoring Reference,modflow6_mt3dms_p06_uniform_reference,MODFLOW 6 Examples ex-gwt-mt3dms-p06; benchmark origin in El-Kadi (1988) and Zheng (1993).,ex-gwt-mt3dms-p06,MT3DMS Problem 6,official_modflow6_example,https://modflow6-examples.readthedocs.io/en/latest/_examples/ex-gwt-mt3dms-p06.html,2.572439484307497e-12,13950.00000000003,1.818989403545856e-12,13950.00000000003,13950,1.818989403545856e-12,13950,0.004825090470446321,0.004825090470446321,0.04576161822783586,647681548.3360517,14803053.95063174,632878494.38542,0.02339004102992438,30.5461254684252,23.06749733431089,517.2842478080988,6.275679686151308,486.7381223396736,0,0,0,nan,nan,18842.97678003262,-1267.624453017219,20110.60123304983,-0.06303264822008406,-0.06303264822008406,0,0,0,nan,nan,2981.160886068596,-263.7017650369012,3244.862651105497,-0.08126746595793824,-0.01311257490420191,0,0,0,nan,nan,37.27728402050316,-5.808476679586995,43.08576070009016,-0.1348119792991108,-0.0002888266050465624,0,0,0,nan,nan,1.481395031434007,-0.2991206922065848,1.780515723640592,-0.1679966586281965,-1.487378168062965e-05,0.007865558830075598,0.005389653652010406,487.6374774000321,0.06269512490615128,0.9862094372424366,1356.045480833617,-69.65963523460755,1425.705116068224,1356.045480833578,-69.659635234608,1425.705116068186,517.2842478080988,30.5461254684252,486.7381223396736,0.06275679686151309,44693359.01061974,2639185.240471937,42054173.7701478,0.06275679686151307,0.06275679686151307,517.2842478080988,30.5461254684252,486.7381223396736,0.06275679686151309,44693359.01061974,2639185.240471937,42054173.7701478,0.06275679686151307,0.06275679686151307,pathline_monitoring4,True,pathline_monitoring,100,2.5,930,930,250,50,650,50,24578534.66041749,-2324438.666939482,-0.08640080925835128,900,0,550,50,800,0,729460.2667994915,-145722.0105122468,-0.1665047548264518,900,0,650,0,850,0,866.5194892664117,-308.2790377140818,-0.2624101330007886,900,0,700,0,850,0,12.13981169291031,-5.399918984170007,-0.3078678392266444,900,0,public_modflow_p06_budget_ablation_modflow6_mt3dms_p06_uniform_reference_var1p0_k101_qexact_obs0p02_c7335,concentration,dirichlet,dirichlet,perimeter_dirichlet,dirichlet,dirichlet,True,0.004683163674675508,961,961,4325,0.9953168363253245,2,1,1,2,-86400,86400,86400,0,0,,,,,,,,,,flow_head,648.5482854913834,nan,nan,1,constant,101,432,432,432,0,nan,nan,nan,nan,nan,nan,nan,nan,nan,nan,1,radial_hierarchical_lowrank,5.229353602130979,0.03656657759886826,nan,1,nan,nan,4,nan,nan,nan,nan,nan,nan,nan,nan,nan,nan,nan,nan,nan,nan,nan,0.97,0.2,4,1.5,regional_hlradial4,regional_bayesian,8,1,nan,nan,nan,nan,nan,nan,nan,nan,27.34613909612024,1.5,15,4,23.13350899418678,1,0,nan,nan,0,nan,nan,,nan,nan,nan,nan,nan,nan,nan,nan,nan,nan,nan,nan,nan,nan,nan,nan,nan,nan,nan,nan,nan,nan,nan,nan,nan,4,961,31,31,keyed_shared_v1,7335,flow_head,deterministic_exact,exact,200,600,26902973.32735698,900,500,800,875182.2773117382,900,650,850,1174.798526980494,900,700,850,17.53973067708032,900,True,1,transport_operator_pathline_monitoring4_regional_hlradial4_step1460,524.0350213512248,1460,operator_stepwise_hybrid,nan,nan,False,4,56,,nan,nan,nan,True,0.004683163674675508,961,961,4325,0.9953168363253245,20,operator_stepwise_hybrid,20,300
514.2496769492053,16,pathline_monitoring,pumpback,20,pathline_monitoring,False,,nan,nan,nan,"Matches the public P06 adaptation geometry and transient injection-extraction schedule, but uses a single uniform operator-observation stride that resets at phase boundaries, without phase-specific monitoring overrides; this serves as the budget reference for the phase-aware protocol ablation.",structured_public_adapter,P06 reference protocol with a uniform per-phase operator-observation stride and pathline monitoring anchors.,public_modflow6_mt3dms,MODFLOW 6 P06 Uniform Monitoring Reference,modflow6_mt3dms_p06_uniform_reference,MODFLOW 6 Examples ex-gwt-mt3dms-p06; benchmark origin in El-Kadi (1988) and Zheng (1993).,ex-gwt-mt3dms-p06,MT3DMS Problem 6,official_modflow6_example,https://modflow6-examples.readthedocs.io/en/latest/_examples/ex-gwt-mt3dms-p06.html,1.818989403545856e-12,13950.00000000002,-1.818989403545856e-12,13950.00000000003,13950,0,13950,0,0.004895960832313341,0.0328953145392584,652467112.0498848,19588617.66446483,632878494.38542,0.03095162474036518,26.66660446580966,22.73446789456676,513.4047268054833,5.47863486378003,486.7381223396736,0,0,0,nan,nan,19682.196773682,-428.4044593678373,20110.60123304983,-0.02130241927644589,-0.02130241927644589,0,0,0,nan,nan,3140.541362700375,-104.3212884051213,3244.862651105497,-0.03214967769732256,-0.005187377900650695,0,0,0,nan,nan,40.2556849736661,-2.830075726424056,43.08576070009016,-0.06568471068953725,-0.0001407255652691825,0,0,0,nan,nan,1.623460482984309,-0.1570552406562824,1.780515723640592,-0.08820772463337426,-7.809574603775508e-06,0.003971079693914434,0.002848843474190911,487.6374774000321,0.05469333308574244,0.860339321823586,1384.356805648239,-41.34831041998541,1425.705116068224,1384.3568056482,-41.34831041998632,1425.705116068186,513.4047268054833,26.66660446580966,486.7381223396736,0.0547863486378003,44358168.39599375,2303994.625845954,42054173.7701478,0.0547863486378003,0.0547863486378003,513.4047268054833,26.66660446580966,486.7381223396736,0.0547863486378003,44358168.39599375,2303994.625845954,42054173.7701478,0.0547863486378003,0.0547863486378003,pathline_monitoring16,True,pathline_monitoring,100,2.5,930,930,250,50,650,50,24730049.75311065,-2172923.574246328,-0.08076890044108008,900,0,550,50,800,0,763091.1370752534,-112091.1402364848,-0.1280774795632181,900,0,650,0,850,0,954.5048731456634,-220.2936538348301,-0.1875161134233257,900,0,700,0,850,0,13.67714637385992,-3.862584303220402,-0.22021913416651,900,0,public_modflow_p06_budget_ablation_modflow6_mt3dms_p06_uniform_reference_var1p0_k101_qexact_obs0p02_c7335,concentration,dirichlet,dirichlet,perimeter_dirichlet,dirichlet,dirichlet,True,0.004683163674675508,961,961,4325,0.9953168363253245,2,1,1,2,-86400,86400,86400,0,0,,,,,,,,,,flow_head,648.5482854913834,nan,nan,1,constant,101,432,432,432,0,nan,nan,nan,nan,nan,nan,nan,nan,nan,nan,nan,global,nan,0.1477656270749828,nan,1,nan,nan,nan,nan,nan,nan,nan,nan,nan,nan,nan,nan,nan,nan,nan,nan,nan,nan,nan,nan,nan,nan,global,global,nan,1,nan,nan,nan,nan,nan,nan,nan,nan,None,nan,nan,nan,11.27055244319642,nan,0,nan,nan,0,nan,nan,,nan,nan,nan,nan,nan,nan,nan,nan,nan,nan,nan,nan,nan,nan,nan,nan,nan,nan,nan,nan,nan,nan,nan,nan,nan,16,961,31,31,keyed_shared_v1,7335,flow_head,deterministic_exact,exact,200,600,26902973.32735698,900,500,800,875182.2773117382,900,650,850,1174.798526980494,900,700,850,17.53973067708032,900,True,1,transport_operator_pathline_monitoring16_global_step1460,524.2399411317319,1460,operator_stepwise_hybrid,nan,nan,False,16,56,,nan,nan,nan,True,0.004683163674675508,961,961,4325,0.9953168363253245,20,operator_stepwise_hybrid,20,1200
13430964.60288939,16,pathline_monitoring,pumpback,20,pathline_monitoring,False,,nan,nan,nan,"Matches the public P06 adaptation geometry and transient injection-extraction schedule, but uses a single uniform operator-observation stride that resets at phase boundaries, without phase-specific monitoring overrides; this serves as the budget reference for the phase-aware protocol ablation.",structured_public_adapter,P06 reference protocol with a uniform per-phase operator-observation stride and pathline monitoring anchors.,public_modflow6_mt3dms,MODFLOW 6 P06 Uniform Monitoring Reference,modflow6_mt3dms_p06_uniform_reference,MODFLOW 6 Examples ex-gwt-mt3dms-p06; benchmark origin in El-Kadi (1988) and Zheng (1993).,ex-gwt-mt3dms-p06,MT3DMS Problem 6,official_modflow6_example,https://modflow6-examples.readthedocs.io/en/latest/_examples/ex-gwt-mt3dms-p06.html,1.965762921203425e-09,13950.00000000097,9.404175216332078e-10,13950.00000000003,13950.00000000173,1.726220943965018e-09,13950,0,0,152558.061046249,126801853311460.7,126801220432966.3,632878494.38542,200356.342580579,2072512.747071231,582.3531211343237,2072512.747071231,425696.2653734596,486.7381223396736,0,0,0,nan,nan,131079637.3100342,131059526.7088012,20110.60123304983,6516.937270548506,6516.937270548506,0,0,0,nan,nan,355541483.9994119,355538239.1367608,3244.862651105497,109569.5803998459,17679.14519395213,0,0,0,nan,nan,5750297662.13329,5750297619.047529,43.08576070009016,133461670.9932081,285933.6502380381,0,0,0,nan,nan,13765352324.78506,13765352323.00454,1.780515723640592,7731104050.493161,684482.3863536466,1753.744527313019,6122.07087699706,487.6374774000321,27520.39102908091,432902.3889833384,11256.88401797118,9831.178901902958,1425.705116068224,11256.88401797099,9831.178901902806,1425.705116068186,645.0707233586229,158.3326010189493,486.7381223396736,0.3252931992626124,55734110.49818502,13679936.72803722,42054173.7701478,0.3252931992626124,0.3252931992626124,645.0707233586229,158.3326010189493,486.7381223396736,0.3252931992626124,55734110.49818502,13679936.72803722,42054173.7701478,0.3252931992626124,0.3252931992626124,pathline_monitoring16,True,pathline_monitoring,100,2.5,930,930,500,300,700,100,1580260467.977334,1553357494.649977,57.73924970108808,700,-200,500,0,700,-100,774890660.0811228,774015477.8038111,884.40488098242,700,-200,650,0,700,-150,26382301388.37061,26382300213.57208,22456872.05735672,700,-200,650,-50,700,-150,6470128054.689205,6470128037.149474,368884115.5129126,700,-200,public_modflow_p06_budget_ablation_modflow6_mt3dms_p06_uniform_reference_var1p0_k101_qexact_obs0p02_c7335,concentration,dirichlet,dirichlet,perimeter_dirichlet,dirichlet,dirichlet,True,0.004683163674675508,961,961,4325,0.9953168363253245,2,1,1,2,-86400,86400,86400,0,0,,,,,,,,,,flow_head,648.5482854913834,nan,nan,1,constant,101,432,432,432,0,1,nan,nan,1,0,nan,1,1,nan,nan,2,radial_gaussian,663116.7434268787,4.71798872811142e-11,26026304120.94757,2,1,False,None,1,nan,nan,nan,nan,nan,nan,nan,nan,nan,nan,nan,nan,nan,nan,None,0.15,None,1,adaptive_eb_radial4,regional_adaptive_eb,8,2,26026304120.94757,nan,nan,nan,nan,nan,nan,nan,885247898887.9106,1.5,2,4,44.28621865526524,1,0.01362370152446893,0.0006778080720562336,0.04204369253560857,366024.0573294591,nan,nan,,nan,nan,nan,0.9299183470896403,345344847102.2891,1,1,nan,nan,1,0,nan,1,1,nan,nan,1,nan,nan,nan,nan,nan,1,None,0,16,961,31,31,keyed_shared_v1,7335,flow_head,deterministic_exact,exact,200,600,26902973.32735698,900,500,800,875182.2773117382,900,650,850,1174.798526980494,900,700,850,17.53973067708032,900,True,1,transport_operator_pathline_monitoring16_adaptive_eb_radial4_step1460,11946067.61598874,1460,operator_stepwise_hybrid,nan,nan,False,16,56,,nan,nan,nan,True,0.004683163674675508,961,961,4325,0.9953168363253245,20,operator_stepwise_hybrid,20,1200
514.2195597036971,16,pathline_monitoring,pumpback,20,pathline_monitoring,False,,nan,nan,nan,"Matches the public P06 adaptation geometry and transient injection-extraction schedule, but uses a single uniform operator-observation stride that resets at phase boundaries, without phase-specific monitoring overrides; this serves as the budget reference for the phase-aware protocol ablation.",structured_public_adapter,P06 reference protocol with a uniform per-phase operator-observation stride and pathline monitoring anchors.,public_modflow6_mt3dms,MODFLOW 6 P06 Uniform Monitoring Reference,modflow6_mt3dms_p06_uniform_reference,MODFLOW 6 Examples ex-gwt-mt3dms-p06; benchmark origin in El-Kadi (1988) and Zheng (1993).,ex-gwt-mt3dms-p06,MT3DMS Problem 6,official_modflow6_example,https://modflow6-examples.readthedocs.io/en/latest/_examples/ex-gwt-mt3dms-p06.html,0.0006466330505645601,13950.00064663308,0.0006466330505645601,13950.00000000003,13950,0,13950,0,0.004895960832313341,0.03286277481609094,652440698.275174,19562203.88975406,632878494.38542,0.03090988880693546,26.63644814503687,22.73448854660836,513.3745704847105,5.472439269190514,486.7381223396736,0,0,0,nan,nan,19682.21924067515,-428.3819923746814,20110.60123304983,-0.02130130210481609,-0.02130130210481609,0,0,0,nan,nan,3140.541581509828,-104.3210695956691,3244.862651105497,-0.03214961026474504,-0.005187367020346834,0,0,0,nan,nan,40.25568784777229,-2.830072852317869,43.08576070009016,-0.06568464398290054,-0.0001407254223542018,0,0,0,nan,nan,1.623460598896742,-0.1570551247438494,1.780515723640592,-0.0882076595328916,-7.809568840027739e-06,0.003970917093429937,0.002848842278867164,487.6374774000321,0.05463149192323428,0.8593665454208448,1384.382406019596,-41.32271004862878,1425.705116068224,1384.385466330154,-41.31964973803156,1425.705116068186,513.3745704847105,26.63644814503687,486.7381223396736,0.05472439269190514,44355562.88987899,2301389.119731188,42054173.7701478,0.0547243926919052,0.0547243926919052,513.3745704847105,26.63644814503687,486.7381223396736,0.05472439269190514,44355562.88987899,2301389.119731188,42054173.7701478,0.0547243926919052,0.0547243926919052,pathline_monitoring16,True,pathline_monitoring,100,2.5,930,930,250,50,650,50,24730045.71852509,-2172927.608831886,-0.08076905040909695,900,0,550,50,800,0,763115.2696678784,-112067.0076438598,-0.1280499052015673,900,0,650,0,850,0,954.5565379505379,-220.2419890299557,-0.1874721358359454,900,0,700,0,850,0,13.67791986998774,-3.861810807092583,-0.2201750345083077,900,0,public_modflow_p06_budget_ablation_modflow6_mt3dms_p06_uniform_reference_var1p0_k101_qexact_obs0p02_c7335,concentration,dirichlet,dirichlet,perimeter_dirichlet,dirichlet,dirichlet,True,0.004683163674675508,961,961,4325,0.9953168363253245,2,1,1,2,-86400,86400,86400,0,0,,,,,,,,,,flow_head,648.5482854913834,nan,nan,1,constant,101,432,432,432,0,0.5706248894924082,0.2014619945105649,0.2071325945666395,0.5706248894924082,4,0.09103971114824655,0.9590875665035938,0.9604869472720433,0.0862442756976504,1256.330454611455,2,radial_hierarchical_lowrank,77.5076350214391,0.1477830734306709,5849.775077744547,2,1,False,4,1,1.5,1,True,nan,0.07233601634861594,0.4500652852963953,0.5462736675072933,0,0,0.005803260349233952,0,0,0,0.3431194482539321,0.97,0.2,4,1.5,adaptive_eb_hlradial4,regional_adaptive_eb,8,2,1627.987948611707,0.1024067476313114,0.35,False,0.1024365575130949,0.005803260349233952,0.999708991765174,0.005803260349233952,21702.52634128661,1.5,15,4,11.26301338459618,0.6519647081616631,0.1106136243129895,0.1321401750348386,0.2101656757942888,98.21223112760396,1460,1,pumpback,1,366,False,0.2286148647239992,11679.40615857349,1,0.6013047355139897,0.1035535118886585,0.1905522636171214,0.6013047355139897,2,0.1054459120578761,0.9946533441428482,1.007142321882629,0.1018864999655568,2814.524752755227,1,nan,nan,nan,nan,nan,0.3431194482539321,None,4221.78712913284,16,961,31,31,keyed_shared_v1,7335,flow_head,deterministic_exact,exact,200,600,26902973.32735698,900,500,800,875182.2773117382,900,650,850,1174.798526980494,900,700,850,17.53973067708032,900,True,1,transport_operator_pathline_monitoring16_adaptive_eb_hlradial4_step1460,524.2092003497678,1460,operator_stepwise_hybrid,nan,nan,False,16,56,,nan,nan,nan,True,0.004683163674675508,961,961,4325,0.9953168363253245,20,operator_stepwise_hybrid,20,1200
4700.857766028163,16,pathline_monitoring,pumpback,20,pathline_monitoring,False,,nan,nan,nan,"Matches the public P06 adaptation geometry and transient injection-extraction schedule, but uses a single uniform operator-observation stride that resets at phase boundaries, without phase-specific monitoring overrides; this serves as the budget reference for the phase-aware protocol ablation.",structured_public_adapter,P06 reference protocol with a uniform per-phase operator-observation stride and pathline monitoring anchors.,public_modflow6_mt3dms,MODFLOW 6 P06 Uniform Monitoring Reference,modflow6_mt3dms_p06_uniform_reference,MODFLOW 6 Examples ex-gwt-mt3dms-p06; benchmark origin in El-Kadi (1988) and Zheng (1993).,ex-gwt-mt3dms-p06,MT3DMS Problem 6,official_modflow6_example,https://modflow6-examples.readthedocs.io/en/latest/_examples/ex-gwt-mt3dms-p06.html,2.280568800623699e-09,13950.0000000023,2.270098775625229e-09,13950.00000000003,13950.00000000022,2.182787284255028e-10,13950,0.4994054696789536,0.4994054696789536,21.07346828895262,16882735252.14339,16249856757.75797,632878494.38542,25.67610829237924,1932.016710646692,3607178173.234737,1932.016710646692,296.931454918672,486.7381223396736,0,0,0,nan,nan,0.001198418414214963,-20110.60003463142,20110.60123304983,-0.9999999404086234,-0.9999999404086234,0,0,0,nan,nan,1.200545850137402,-3243.662105255359,3244.862651105497,-0.999630016435448,-0.1612911552303425,0,0,0,nan,nan,17018.45097309608,16975.36521239599,43.08576070009016,393.9901474772028,0.844100333733365,0,0,0,nan,nan,693125.0871075103,693123.3065917867,1.780515723640592,389282.3283663953,34.46556861028627,3092.718632244919,59.49613399337613,487.6374774000321,9.608880022458235,151.1500004771322,12572.88445751508,11147.17934144686,1425.705116068224,12572.88445751503,11147.17934144684,1425.705116068186,6.63544396272213e-06,-486.7381157042296,486.7381223396736,-0.9999999863675276,0.573302358379192,-42054173.19684544,42054173.7701478,-0.9999999863675277,-0.9999999863675277,6.63544396272213e-06,-486.7381157042296,486.7381223396736,-0.9999999863675276,0.573302358379192,-42054173.19684544,42054173.7701478,-0.9999999863675277,-0.9999999863675277,pathline_monitoring16,True,pathline_monitoring,100,2.5,930,930,350,150,700,100,28652563.4498523,1749590.122495323,0.06503333669502649,900,0,250,-250,250,-550,911900.3070905391,36718.0297788009,0.0419547227254032,250,-650,500,-150,500,-350,22116506.90271503,22115332.10418805,18824.78705606622,700,-200,500,-200,500,-350,422044265.4707862,422044247.9310555,24062185.20119884,700,-200,public_modflow_p06_budget_ablation_modflow6_mt3dms_p06_uniform_reference_var1p0_k101_qexact_obs0p02_c7335,concentration,dirichlet,dirichlet,perimeter_dirichlet,dirichlet,dirichlet,True,0.004683163674675508,961,961,4325,0.9953168363253245,2,1,1,2,-86400,86400,86400,0,0,,,,,,,,,,flow_head,648.5482854913834,nan,nan,1,constant,101,432,432,432,0,nan,nan,nan,nan,nan,nan,nan,nan,nan,nan,2,radial_gaussian,999999.9971288857,2.268564701650249e-20,nan,2,nan,nan,None,nan,nan,nan,nan,nan,nan,nan,nan,nan,nan,nan,nan,nan,nan,nan,None,0.15,None,1,regional_radial4,regional_bayesian,8,2,nan,nan,nan,nan,nan,nan,nan,nan,1999999988515.543,1.5,2,4,117.1387624679634,1,0.1076884954714065,nan,nan,1013.883116315717,nan,nan,,nan,nan,nan,nan,nan,nan,nan,nan,nan,nan,nan,nan,nan,nan,nan,nan,nan,nan,nan,nan,nan,nan,nan,nan,nan,16,961,31,31,keyed_shared_v1,7335,flow_head,deterministic_exact,exact,200,600,26902973.32735698,900,500,800,875182.2773117382,900,650,850,1174.798526980494,900,700,850,17.53973067708032,900,True,1,transport_operator_pathline_monitoring16_regional_radial4_step1460,3377.859898516115,1460,operator_stepwise_hybrid,nan,nan,False,16,56,,nan,nan,nan,True,0.004683163674675508,961,961,4325,0.9953168363253245,20,operator_stepwise_hybrid,20,1200
4297899.888972979,16,pathline_monitoring,pumpback,20,pathline_monitoring,False,,nan,nan,nan,"Matches the public P06 adaptation geometry and transient injection-extraction schedule, but uses a single uniform operator-observation stride that resets at phase boundaries, without phase-specific monitoring overrides; this serves as the budget reference for the phase-aware protocol ablation.",structured_public_adapter,P06 reference protocol with a uniform per-phase operator-observation stride and pathline monitoring anchors.,public_modflow6_mt3dms,MODFLOW 6 P06 Uniform Monitoring Reference,modflow6_mt3dms_p06_uniform_reference,MODFLOW 6 Examples ex-gwt-mt3dms-p06; benchmark origin in El-Kadi (1988) and Zheng (1993).,ex-gwt-mt3dms-p06,MT3DMS Problem 6,official_modflow6_example,https://modflow6-examples.readthedocs.io/en/latest/_examples/ex-gwt-mt3dms-p06.html,1.976237184609787e-09,13950.00000000123,1.200533006340265e-09,13950.00000000003,13950.00000000157,1.569787855260074e-09,13950,0,0,54254.4770726733,45094176630594.77,45093543752100.39,632878494.38542,71251.50270098867,569430.116233235,256.0938438778271,569430.116233235,116889.0111536927,486.7381223396736,0,0,0,nan,nan,134028.6405048861,113918.0392718362,20110.60123304983,5.664576506276845,5.664576506276845,0,0,0,nan,nan,100726586.4576547,100723341.5950036,3244.862651105497,31040.86441399548,5008.469932240242,0,0,0,nan,nan,3820563890.052972,3820563846.967212,43.08576070009016,88673468.56334412,189977.604482977,0,0,0,nan,nan,5167481453.490687,5167481451.710172,1.780515723640592,2902238594.750686,256953.106067158,1164.106208868521,5340.579842446768,487.6374774000321,8868.11817635248,139497.6379613515,10622.42254311048,9196.717427042251,1425.705116068224,10622.42254311136,9196.717427043173,1425.705116068186,2.225396474564623,-484.512725865109,486.7381223396736,-0.9954279388187893,192274.2554023834,-41861899.51474541,42054173.7701478,-0.9954279388187892,-0.9954279388187892,2.225396474564623,-484.512725865109,486.7381223396736,-0.9954279388187893,192274.2554023834,-41861899.51474541,42054173.7701478,-0.9954279388187892,-0.9954279388187892,pathline_monitoring16,True,pathline_monitoring,100,2.5,930,930,350,150,350,-250,2389085183.761823,2362182210.434466,87.80375989268147,350,-550,550,50,550,-250,15424765.75930812,14549583.48199638,16.62463221568854,600,-300,550,-100,550,-300,1749540.860244767,1748366.061717787,1488.226297160498,600,-300,550,-150,650,-200,15194491.0100996,15194473.47036893,866288.8701149778,850,-50,public_modflow_p06_budget_ablation_modflow6_mt3dms_p06_uniform_reference_var1p0_k101_qexact_obs0p02_c7335,concentration,dirichlet,dirichlet,perimeter_dirichlet,dirichlet,dirichlet,True,0.004683163674675508,961,961,4325,0.9953168363253245,2,1,1,2,-86400,86400,86400,0,0,,,,,,,,,,flow_head,648.5482854913834,nan,nan,1,constant,101,432,432,432,0,nan,nan,nan,nan,nan,nan,nan,nan,nan,nan,2,radial_hierarchical_lowrank,524947.3668869531,9.174703960238672e-10,nan,2,nan,nan,4,nan,nan,nan,nan,nan,nan,nan,nan,nan,nan,nan,nan,nan,nan,nan,0.97,0.2,4,1.5,regional_hlradial4,regional_bayesian,8,2,nan,nan,nan,nan,nan,nan,nan,nan,977029987083.3392,1.5,15,4,116.5710845066994,0.6519647081616631,1.424344724110896,nan,nan,5050181.989989511,nan,nan,,nan,nan,nan,nan,nan,nan,nan,nan,nan,nan,nan,nan,nan,nan,nan,nan,nan,nan,nan,nan,nan,nan,nan,nan,nan,16,961,31,31,keyed_shared_v1,7335,flow_head,deterministic_exact,exact,200,600,26902973.32735698,900,500,800,875182.2773117382,900,650,850,1174.798526980494,900,700,850,17.53973067708032,900,True,1,transport_operator_pathline_monitoring16_regional_hlradial4_step1460,4397016.139219967,1460,operator_stepwise_hybrid,nan,nan,False,16,56,,nan,nan,nan,True,0.004683163674675508,961,961,4325,0.9953168363253245,20,operator_stepwise_hybrid,20,1200
505.4651490560752,64,pathline_monitoring,pumpback,20,pathline_monitoring,False,,nan,nan,nan,"Matches the public P06 adaptation geometry and transient injection-extraction schedule, but uses a single uniform operator-observation stride that resets at phase boundaries, without phase-specific monitoring overrides; this serves as the budget reference for the phase-aware protocol ablation.",structured_public_adapter,P06 reference protocol with a uniform per-phase operator-observation stride and pathline monitoring anchors.,public_modflow6_mt3dms,MODFLOW 6 P06 Uniform Monitoring Reference,modflow6_mt3dms_p06_uniform_reference,MODFLOW 6 Examples ex-gwt-mt3dms-p06; benchmark origin in El-Kadi (1988) and Zheng (1993).,ex-gwt-mt3dms-p06,MT3DMS Problem 6,official_modflow6_example,https://modflow6-examples.readthedocs.io/en/latest/_examples/ex-gwt-mt3dms-p06.html,4.067383956680332e-12,13950.00000000003,1.818989403545856e-12,13950.00000000003,13950.00000000001,3.637978807091713e-12,13950,0.07833537331701346,0.1566707466340269,0.01992527610516388,649195515.2229819,16317020.83756196,632878494.38542,0.02578223305471489,17.84395845648419,16.54285096160086,504.5820807961578,3.666028535162005,486.7381223396736,0,0,0,nan,nan,20152.96188984564,42.36065679580133,20110.60123304983,0.002106384404171153,0.002106384404171153,0,0,0,nan,nan,3239.312469411242,-5.550181694255116,3244.862651105497,-0.001710451963926491,-0.0002759828823582821,0,0,0,nan,nan,42.41575444842886,-0.6700062516612988,43.08576070009016,-0.01555052622431468,-3.331607264730644e-05,0,0,0,nan,nan,1.732075855425351,-0.04843986821524049,1.780515723640592,-0.02720552678759628,-2.408673298918296e-06,0.00195932242543958,0.001458530616941124,487.6374774000321,0.03659863454143229,0.5757053491635393,1407.473764326775,-18.23135174144909,1425.705116068224,1407.473764326737,-18.23135174144886,1425.705116068186,504.5820807961578,17.84395845648419,486.7381223396736,0.03666028535162005,43595891.78078803,1541718.010640234,42054173.7701478,0.03666028535162005,0.03666028535162005,504.5820807961578,17.84395845648419,486.7381223396736,0.03666028535162005,43595891.78078803,1541718.010640234,42054173.7701478,0.03666028535162005,0.03666028535162005,pathline_monitoring64,True,pathline_monitoring,100,2.5,930,930,200,0,650,50,25025631.27866449,-1877342.048692487,-0.06978195405574238,900,0,500,0,800,0,795903.9367971593,-79278.34051457897,-0.09058494735301888,900,0,650,0,850,0,1040.944485933915,-133.8540410465787,-0.1139378693218273,900,0,700,0,850,0,15.20118171921781,-2.33854895786251,-0.1333286696880905,900,0,public_modflow_p06_budget_ablation_modflow6_mt3dms_p06_uniform_reference_var1p0_k101_qexact_obs0p02_c7335,concentration,dirichlet,dirichlet,perimeter_dirichlet,dirichlet,dirichlet,True,0.004683163674675508,961,961,4325,0.9953168363253245,2,1,1,2,-86400,86400,86400,0,0,,,,,,,,,,flow_head,648.5482854913834,nan,nan,1,constant,101,432,432,432,0,nan,nan,nan,nan,nan,nan,nan,nan,nan,nan,nan,global,nan,0.6219825488133127,nan,1,nan,nan,nan,nan,nan,nan,nan,nan,nan,nan,nan,nan,nan,nan,nan,nan,nan,nan,nan,nan,nan,nan,global,global,nan,1,nan,nan,nan,nan,nan,nan,nan,nan,None,nan,nan,nan,1.482161029711747,nan,0,nan,nan,0,nan,nan,,nan,nan,nan,nan,nan,nan,nan,nan,nan,nan,nan,nan,nan,nan,nan,nan,nan,nan,nan,nan,nan,nan,nan,nan,nan,64,961,31,31,keyed_shared_v1,7335,flow_head,deterministic_exact,exact,200,600,26902973.32735698,900,500,800,875182.2773117382,900,650,850,1174.798526980494,900,700,850,17.53973067708032,900,True,1,transport_operator_pathline_monitoring64_global_step1460,513.3408826051821,1460,operator_stepwise_hybrid,nan,nan,False,64,56,,nan,nan,nan,True,0.004683163674675508,961,961,4325,0.9953168363253245,20,operator_stepwise_hybrid,20,4800
38053367.59645997,64,pathline_monitoring,pumpback,20,pathline_monitoring,False,,nan,nan,nan,"Matches the public P06 adaptation geometry and transient injection-extraction schedule, but uses a single uniform operator-observation stride that resets at phase boundaries, without phase-specific monitoring overrides; this serves as the budget reference for the phase-aware protocol ablation.",structured_public_adapter,P06 reference protocol with a uniform per-phase operator-observation stride and pathline monitoring anchors.,public_modflow6_mt3dms,MODFLOW 6 P06 Uniform Monitoring Reference,modflow6_mt3dms_p06_uniform_reference,MODFLOW 6 Examples ex-gwt-mt3dms-p06; benchmark origin in El-Kadi (1988) and Zheng (1993).,ex-gwt-mt3dms-p06,MT3DMS Problem 6,official_modflow6_example,https://modflow6-examples.readthedocs.io/en/latest/_examples/ex-gwt-mt3dms-p06.html,1.269082457320051e-09,13950.00000000117,1.140506356023252e-09,13950.00000000003,13949.99999999945,-5.566107574850321e-10,13950,0,0,196874.3301313278,163635195869932.6,163634562991438.2,632878494.38542,258556.048977998,13518683.47124732,334672.5043596399,13518683.47124732,2777303.875058138,486.7381223396736,0,0,0,nan,nan,112.5365123321642,-19998.06472071767,20110.60123304983,-0.9944041199450954,-0.9944041199450954,0,0,0,nan,nan,532433.3371671488,529188.4745160433,3244.862651105497,163.0850151194391,26.31390620218619,0,0,0,nan,nan,671959411.8505617,671959368.764801,43.08576070009016,15595857.14273799,33413.1914296277,0,0,0,nan,nan,11180229680.63093,11180229678.85042,1.780515723640592,6279208619.393927,555937.1174083442,2693.906343638319,317.4063738285634,487.6374774000321,75939.08233614026,1194540.082144154,12362.78669846486,10937.08158239664,1425.705116068224,12362.7866984647,10937.08158239651,1425.705116068186,0.03634111993926773,-486.7017812197344,486.7381223396736,-0.9999253374283391,3139.872762752732,-42051033.89738505,42054173.7701478,-0.9999253374283391,-0.9999253374283391,0.03634111993926773,-486.7017812197344,486.7381223396736,-0.9999253374283391,3139.872762752732,-42051033.89738505,42054173.7701478,-0.9999253374283391,-0.9999253374283391,pathline_monitoring64,True,pathline_monitoring,100,2.5,930,930,750,550,750,150,5469377820.01608,5442474846.688723,202.3001242451667,750,-150,100,-400,500,-300,15369101.94562184,14493919.6683101,16.56102967810373,600,-300,800,150,800,-50,2148051.667270277,2146876.868743296,1827.442594996498,800,-100,900,200,900,50,1277634.58158697,1277617.041856293,72841.31469166698,900,0,public_modflow_p06_budget_ablation_modflow6_mt3dms_p06_uniform_reference_var1p0_k101_qexact_obs0p02_c7335,concentration,dirichlet,dirichlet,perimeter_dirichlet,dirichlet,dirichlet,True,0.004683163674675508,961,961,4325,0.9953168363253245,2,1,1,2,-86400,86400,86400,0,0,,,,,,,,,,flow_head,648.5482854913834,nan,nan,1,constant,101,432,432,432,0,1,nan,nan,1,0,nan,1,1,nan,nan,4,radial_gaussian,945413.4552316829,1.500609398717012e-13,265861884606.2213,4,1,False,None,1,nan,nan,nan,nan,nan,nan,nan,nan,nan,nan,nan,nan,nan,nan,None,0.15,None,1,adaptive_eb_radial4,regional_adaptive_eb,8,4,265861884606.2213,nan,nan,nan,nan,nan,nan,nan,3575241172091.968,1.5,4,4,61.64921067573582,1,0.09404849085391323,0.03093729261948581,0.9629070142896582,9507236.194703519,nan,nan,,nan,nan,nan,0.95,1.847899480614934e+17,1,1,nan,nan,1,0,nan,1,1,nan,nan,1,nan,nan,nan,nan,nan,1,None,0,64,961,31,31,keyed_shared_v1,7335,flow_head,deterministic_exact,exact,200,600,26902973.32735698,900,500,800,875182.2773117382,900,650,850,1174.798526980494,900,700,850,17.53973067708032,900,True,1,transport_operator_pathline_monitoring64_adaptive_eb_radial4_step1460,45945467.43503233,1460,operator_stepwise_hybrid,nan,nan,False,64,56,,nan,nan,nan,True,0.004683163674675508,961,961,4325,0.9953168363253245,20,operator_stepwise_hybrid,20,4800
492.7309252883726,64,pathline_monitoring,pumpback,20,pathline_monitoring,False,,nan,nan,nan,"Matches the public P06 adaptation geometry and transient injection-extraction schedule, but uses a single uniform operator-observation stride that resets at phase boundaries, without phase-specific monitoring overrides; this serves as the budget reference for the phase-aware protocol ablation.",structured_public_adapter,P06 reference protocol with a uniform per-phase operator-observation stride and pathline monitoring anchors.,public_modflow6_mt3dms,MODFLOW 6 P06 Uniform Monitoring Reference,modflow6_mt3dms_p06_uniform_reference,MODFLOW 6 Examples ex-gwt-mt3dms-p06; benchmark origin in El-Kadi (1988) and Zheng (1993).,ex-gwt-mt3dms-p06,MT3DMS Problem 6,official_modflow6_example,https://modflow6-examples.readthedocs.io/en/latest/_examples/ex-gwt-mt3dms-p06.html,0.9109543804617005,13949.0890456196,-0.9109543804243003,13950.00000000003,13949.99999174532,-8.254681233665906e-06,13950,0.02937576499388005,0.06487148102815178,0.006651652315830028,636363336.5564857,3484842.171065688,632878494.38542,0.005506336843456456,5.104829311389608,19.1176002289416,491.8429516510632,1.048783540284763,486.7381223396736,0,0,0,nan,nan,19981.00772962499,-129.5935034248432,20110.60123304983,-0.006444039236970638,-0.006444039236970638,0,0,0,nan,nan,3211.342854977434,-33.51979612806235,3244.862651105497,-0.01033011246767023,-0.001666772451982977,0,0,0,nan,nan,42.04957022910174,-1.036190470988416,43.08576070009016,-0.02404948767647608,-5.152458939345566e-05,0,0,0,nan,nan,1.717122500710388,-0.06339322293020389,1.780515723640592,-0.03560385459589472,-3.15222912510558e-06,0.001920474027976559,0.001445844701787006,487.6374774000321,0.01047119792836945,0.1647144691337588,1416.881383964829,-8.823732103395969,1425.705116068224,1415.566045208799,-10.13907085938672,1425.705116068186,491.8429516510633,5.104829311389665,486.7381223396736,0.01048783540284774,42495231.02265187,441057.2525040656,42054173.7701478,0.01048783540284771,0.01048783540284771,491.8429516510632,5.104829311389608,486.7381223396736,0.01048783540284763,42495231.02265187,441057.2525040656,42054173.7701478,0.01048783540284771,0.01048783540284771,pathline_monitoring64,True,pathline_monitoring,100,2.5,930,930,200,0,650,50,24975508.23879078,-1927465.088566191,-0.07164505815445311,900,0,500,0,800,0,798191.9082893116,-76990.36902242666,-0.08797066738932928,900,0,650,0,850,0,1054.203082588483,-120.5954443920104,-0.1026520221318024,900,0,700,0,850,0,15.47057866135872,-2.069152015721604,-0.1179694291672007,900,0,public_modflow_p06_budget_ablation_modflow6_mt3dms_p06_uniform_reference_var1p0_k101_qexact_obs0p02_c7335,concentration,dirichlet,dirichlet,perimeter_dirichlet,dirichlet,dirichlet,True,0.004683163674675508,961,961,4325,0.9953168363253245,2,1,1,2,-86400,86400,86400,0,0,,,,,,,,,,flow_head,648.5482854913834,nan,nan,1,constant,101,432,432,432,0,1,0.0154660960736235,0.01962580605108426,1,4,1.362506123597102e-05,1.069309459448745,1.086448625653535,1.466896263249651e-05,13.9482872480656,4,radial_hierarchical_lowrank,2.70929244186167,0.6546289582581655,408.7915703478893,4,1,False,4,1,1.5,1,True,nan,0.09508379430811344,0.2805192032081372,0,0,0,0.7445098287355848,0,0,0,0.2723174097131085,0.97,0.2,4,1.5,adaptive_eb_hlradial4,regional_adaptive_eb,8,4,59.85786582796146,2.48811563565906e-06,0.35,False,2.670306844969483e-06,0.7445098287355848,0.931771433064463,0.7445098287355848,41.24492056801359,1.5,15,4,0.121047118478901,0.985669876142626,1.770554714162407,0.01261741548669266,0.0151493273602884,498.0794183995295,1460,1,pumpback,1,366,False,0.032665234860783,55.71938857951291,1,1,0.03279092625095792,0.04383635915563946,0.2723174097131085,2,0.013327105955685,1.420662240899039,1.469231520124864,0.01310811541372982,232.6224696799518,1,nan,nan,nan,nan,nan,0.2723174097131085,None,348.9337045199278,64,961,31,31,keyed_shared_v1,7335,flow_head,deterministic_exact,exact,200,600,26902973.32735698,900,500,800,875182.2773117382,900,650,850,1174.798526980494,900,700,850,17.53973067708032,900,True,1,transport_operator_pathline_monitoring64_adaptive_eb_hlradial4_step1460,500.3931305531832,1460,operator_stepwise_hybrid,nan,nan,False,64,56,,nan,nan,nan,True,0.004683163674675508,961,961,4325,0.9953168363253245,20,operator_stepwise_hybrid,20,4800
1905.844892500067,64,pathline_monitoring,pumpback,20,pathline_monitoring,False,,nan,nan,nan,"Matches the public P06 adaptation geometry and transient injection-extraction schedule, but uses a single uniform operator-observation stride that resets at phase boundaries, without phase-specific monitoring overrides; this serves as the budget reference for the phase-aware protocol ablation.",structured_public_adapter,P06 reference protocol with a uniform per-phase operator-observation stride and pathline monitoring anchors.,public_modflow6_mt3dms,MODFLOW 6 P06 Uniform Monitoring Reference,modflow6_mt3dms_p06_uniform_reference,MODFLOW 6 Examples ex-gwt-mt3dms-p06; benchmark origin in El-Kadi (1988) and Zheng (1993).,ex-gwt-mt3dms-p06,MT3DMS Problem 6,official_modflow6_example,https://modflow6-examples.readthedocs.io/en/latest/_examples/ex-gwt-mt3dms-p06.html,1.362850422311238e-09,13950.00000000139,1.360604073852301e-09,13950.00000000003,13949.99999999992,-7.821654435247183e-11,13950,0.424390243902439,0.424390243902439,9.502638844561856,7265420357.100658,6632541862.715239,632878494.38542,10.47996087962511,790.6336767286598,18674475494067.17,790.6336767286598,62.43512485280751,486.7381223396736,0,0,0,nan,nan,1.368982078940423e-07,-20110.60123291294,20110.60123304983,-0.9999999999931928,-0.9999999999931928,0,0,0,nan,nan,0.1307625259597816,-3244.731888579537,3244.862651105497,-0.999959701676151,-0.1613443502249517,0,0,0,nan,nan,6055.292214145185,6012.206453445095,43.08576070009016,139.5404503890427,0.2989570716346667,0,0,0,nan,nan,313775.7074949438,313773.9269792202,1.780515723640592,176226.4285639959,15.60241403740645,2479.231567727231,31.80264298398694,487.6374774000321,4.133508240784622,65.02108165640185,12552.37356254636,11126.66844647814,1425.705116068224,12552.37356254623,11126.66844647804,1425.705116068186,2.969224970655315e-22,-486.7381223396736,486.7381223396736,-1,2.565410374646193e-17,-42054173.7701478,42054173.7701478,-1,-1,2.969224970655315e-22,-486.7381223396736,486.7381223396736,-1,2.565410374646193e-17,-42054173.7701478,42054173.7701478,-1,-1,pathline_monitoring64,True,pathline_monitoring,100,2.5,930,930,650,450,650,50,9278358233.122375,9251455259.795019,343.8822596752694,850,-50,100,-400,400,-400,4627707.959663909,3752525.682352171,4.287707577761574,400,-500,100,-550,100,-750,1246.962355664904,72.16382868441087,0.06142655700283244,100,-800,650,-50,750,-100,526811.6025908772,526794.0628602002,30034.33020488606,850,-50,public_modflow_p06_budget_ablation_modflow6_mt3dms_p06_uniform_reference_var1p0_k101_qexact_obs0p02_c7335,concentration,dirichlet,dirichlet,perimeter_dirichlet,dirichlet,dirichlet,True,0.004683163674675508,961,961,4325,0.9953168363253245,2,1,1,2,-86400,86400,86400,0,0,,,,,,,,,,flow_head,648.5482854913834,nan,nan,1,constant,101,432,432,432,0,nan,nan,nan,nan,nan,nan,nan,nan,nan,nan,4,radial_gaussian,999999.9997376874,7.8966499016461e-21,nan,4,nan,nan,None,nan,nan,nan,nan,nan,nan,nan,nan,nan,nan,nan,nan,nan,nan,nan,None,0.15,None,1,regional_radial4,regional_bayesian,8,4,nan,nan,nan,nan,nan,nan,nan,nan,3999999997901.5,1.5,4,4,61.65377472625348,1,0.2395082637826659,nan,nan,1164.275728565243,nan,nan,,nan,nan,nan,nan,nan,nan,nan,nan,nan,nan,nan,nan,nan,nan,nan,nan,nan,nan,nan,nan,nan,nan,nan,nan,nan,64,961,31,31,keyed_shared_v1,7335,flow_head,deterministic_exact,exact,200,600,26902973.32735698,900,500,800,875182.2773117382,900,650,850,1174.798526980494,900,700,850,17.53973067708032,900,True,1,transport_operator_pathline_monitoring64_regional_radial4_step1460,1543.059003425787,1460,operator_stepwise_hybrid,nan,nan,False,64,56,,nan,nan,nan,True,0.004683163674675508,961,961,4325,0.9953168363253245,20,operator_stepwise_hybrid,20,4800
3527693.370954087,64,pathline_monitoring,pumpback,20,pathline_monitoring,False,,nan,nan,nan,"Matches the public P06 adaptation geometry and transient injection-extraction schedule, but uses a single uniform operator-observation stride that resets at phase boundaries, without phase-specific monitoring overrides; this serves as the budget reference for the phase-aware protocol ablation.",structured_public_adapter,P06 reference protocol with a uniform per-phase operator-observation stride and pathline monitoring anchors.,public_modflow6_mt3dms,MODFLOW 6 P06 Uniform Monitoring Reference,modflow6_mt3dms_p06_uniform_reference,MODFLOW 6 Examples ex-gwt-mt3dms-p06; benchmark origin in El-Kadi (1988) and Zheng (1993).,ex-gwt-mt3dms-p06,MT3DMS Problem 6,official_modflow6_example,https://modflow6-examples.readthedocs.io/en/latest/_examples/ex-gwt-mt3dms-p06.html,1.207066346909193e-09,13949.99999999889,-1.13686837721616e-09,13950.00000000003,13950.00000000041,4.05634636990726e-10,13950,0.01902497027348395,0.01902497027348395,29626.9540904212,24624370175249.31,24623737296754.93,632878494.38542,38907.52729821656,612939.0857085978,18956273313.19901,612939.0857085978,125827.8978934906,486.7381223396736,0,0,0,nan,nan,0.07749560867697408,-20110.52373744116,20110.60123304983,-0.9999961465294958,-0.9999961465294958,0,0,0,nan,nan,59964.76098899107,56719.89833788557,3244.862651105497,17.47990729856057,2.82039794238831,0,0,0,nan,nan,732550414.2354223,732550371.1496615,43.08576070009016,17002145.47095437,36426.08008883323,0,0,0,nan,nan,3271972312.967322,3271972311.186807,1.780515723640592,1837654263.730206,162698.8807181774,8418.943457991982,6822.398692470008,487.6374774000321,7225.955088604013,113666.016490735,11628.12222623612,10202.41711016789,1425.705116068224,11628.12222623607,10202.41711016788,1425.705116068186,1.521131430868744e-08,-486.7381223244623,486.7381223396736,-0.9999999999687484,0.001314257556270595,-42054173.76883354,42054173.7701478,-0.9999999999687484,-0.9999999999687484,1.521131430868744e-08,-486.7381223244623,486.7381223396736,-0.9999999999687484,0.001314257556270595,-42054173.76883354,42054173.7701478,-0.9999999999687484,-0.9999999999687484,pathline_monitoring64,True,pathline_monitoring,100,2.5,930,930,200,0,650,50,6570371.618804586,-20332601.70855239,-0.7557752617580252,650,-250,400,-100,550,-250,22405476.07636198,21530293.79905025,24.60092526688723,850,-50,250,-400,700,-150,6698021.670493938,6696846.871966957,5700.421577118774,700,-200,700,0,700,-150,189224.0986391922,189206.5589085151,10787.31266699305,700,-200,public_modflow_p06_budget_ablation_modflow6_mt3dms_p06_uniform_reference_var1p0_k101_qexact_obs0p02_c7335,concentration,dirichlet,dirichlet,perimeter_dirichlet,dirichlet,dirichlet,True,0.004683163674675508,961,961,4325,0.9953168363253245,2,1,1,2,-86400,86400,86400,0,0,,,,,,,,,,flow_head,648.5482854913834,nan,nan,1,constant,101,432,432,432,0,nan,nan,nan,nan,nan,nan,nan,nan,nan,nan,4,radial_hierarchical_lowrank,999844.3573298232,1.239722361915711e-15,nan,4,nan,nan,4,nan,nan,nan,nan,nan,nan,nan,nan,nan,nan,nan,nan,nan,nan,nan,0.97,0.2,4,1.5,regional_hlradial4,regional_bayesian,8,4,nan,nan,nan,nan,nan,nan,nan,nan,3998755242192.651,1.5,15,4,61.65377472413866,0.985669876142626,1.758024290010731,nan,nan,3605744.78636571,nan,nan,,nan,nan,nan,nan,nan,nan,nan,nan,nan,nan,nan,nan,nan,nan,nan,nan,nan,nan,nan,nan,nan,nan,nan,nan,nan,64,961,31,31,keyed_shared_v1,7335,flow_head,deterministic_exact,exact,200,600,26902973.32735698,900,500,800,875182.2773117382,900,650,850,1174.798526980494,900,700,850,17.53973067708032,900,True,1,transport_operator_pathline_monitoring64_regional_hlradial4_step1460,2650148.903646674,1460,operator_stepwise_hybrid,nan,nan,False,64,56,,nan,nan,nan,True,0.004683163674675508,961,961,4325,0.9953168363253245,20,operator_stepwise_hybrid,20,4800
