centroid_x,centroid_y,mass,peak,plane_cp25_flux,plane_cp25_inventory,plane_cp50_flux,plane_cp50_inventory,plane_cp75_flux,plane_cp75_inventory,spread_x,spread_y,time,total_mass
nan,nan,0,0,0,0,0,0,0,0,nan,nan,0,0
17.39461255799785,45.59838462764764,113.1647528221772,13.73379380472844,11.25770310283924,2.745300398080135,3.643086735885842e-06,2.963458903043187e-07,6.002920745753091e-10,3.941228835791364e-11,3.970567652809167,18.60119370978154,0.8,113.1647528221772
19.40470550765169,46.54621614536878,227.474711211165,14.15959017354627,58.27479144795278,13.41188484007228,0.007186732177531147,0.0005946734101218142,9.821326013170097e-06,6.509102484334614e-07,4.689273936681008,18.30288419848416,1.6,227.474711211165
21.38128340435109,47.32093594930865,340.0586762370891,14.17423925562424,101.9166140184485,22.6619380609102,0.4199932996782987,0.03566905689252996,0.002659446497705342,0.0001802781483432094,5.640700674300485,18.04873835106894,2.4,340.0586762370891
23.47853612724882,47.81189662972152,454.0673067304475,14.17479882295554,130.5199968297421,28.15780936353229,4.566316474328832,0.3928056064172891,0.08466821907590996,0.005992355479636489,6.939231075530514,17.84058465787696,3.2,454.0673067304475
25.81647055014914,48.01478377485756,573.1562355172566,14.17482288189319,142.7790196425672,30.34930724988855,19.60582629310271,1.67860371788422,0.8506486113149203,0.06422860920561677,8.679324142546724,17.72850217621103,4,573.1562355172566
28.41326213631185,48.02435125860509,697.899756232364,14.1748240839901,146.2392195175204,30.93834022459815,47.28832561112149,4.00463504202209,4.525491077386418,0.3654162135475779,10.77456934219559,17.72726258098809,4.8,697.8997562323642
31.18801801386791,47.99343064379165,825.4248625110407,14.17482415738106,146.9669263705383,31.05761180257438,79.19315700526649,6.666896508912359,15.28962109138504,1.301974410233361,13.02348838993251,17.77206860213465,5.600000000000001,825.4248625110406
34.00651629438159,48.01940168656292,951.6645108888866,14.17482416317121,147.095570344792,31.07803677264861,106.6961437523207,9.030384753577088,35.46516734555345,3.139664257273097,15.20599452799017,17.80595029099793,6.4,951.6645108888865
36.70057245740264,48.1053666936719,1072.255936991334,14.17482416378211,147.1167297059758,31.08131306693715,127.3437008174817,10.96077106573708,61.45441016251287,5.59440556302905,17.12819937206748,17.81828084884117,7.2,1072.255936991334
39.11182821521916,48.20885019658287,1182.779775417578,14.17482416386749,147.1202329290325,31.08184815832664,142.1803131677833,12.53030766338478,86.72739801664048,8.051998554852219,18.68121310116444,17.81615937465858,8,1182.779775417578
41.15336790130941,48.29696756823344,1279.963027295197,14.17482416388257,147.120846836053,31.0819422683599,152.6338533593915,13.78877114790911,107.1899470244026,10.09308626357149,19.86354767443854,17.80355052476002,8.800000000000001,1279.963027295198
42.82283162603115,48.36129765142704,1362.711374829209,14.17482416388574,147.120963306315,31.08196055787663,159.7788485813006,14.75844551362162,122.3146365048836,11.64700138376663,20.73965588735028,17.78125152241966,9.6,1362.711374829209
44.16799373496642,48.40570349520395,1431.808788121701,14.1748241638865,147.1209873445658,31.08196450238076,164.4739526196452,15.47313455078189,133.313667842048,12.82837249361072,21.38816676510889,17.75119415578747,10.4,1431.808788121701
45.24950795656476,48.43426744781207,1488.928119853319,14.1748241638867,147.120992730466,31.08196544139245,167.4479259094217,15.98451590044582,141.5425713690618,13.77074642665141,21.87547646542418,17.71726612653023,11.2,1488.928119853319
46.1215054118892,48.44828270224375,1535.865771201368,14.17482416388675,147.120994035811,31.08196568598337,169.2846923885925,16.34926826313045,147.9335690047392,14.56033756175617,22.2500805318953,17.68374514989916,12,1535.865771201368
46.82615113065383,48.44810833681301,1574.211580552196,14.17482416388676,147.1209943765986,31.08196575496628,170.4099436445999,16.61708733102882,153.0005802511212,15.23440463618609,22.54477524884911,17.65381244803158,12.8,1574.211580552196
47.39459147140834,48.43512751510208,1605.29496635555,14.17482416388676,147.1209944719205,31.08196577578767,171.1085615165445,16.82556082344014,157.0033206206691,15.80174126426757,22.78048788293166,17.62903157839498,13.6,1605.29496635555
47.85006829641147,48.41225855631436,1630.243572984317,14.17482416388676,147.1209945002907,31.08196578243431,171.5587620850777,17.00023146044197,160.0968608849207,16.26319811142666,22.97013348509328,17.60956518727395,14.4,1630.243572984317
48.21112274796218,48.38335698285089,1650.057360458723,14.17482416388676,147.1209945092035,31.08196578465387,171.866451734783,17.15696464344884,162.4172240029903,16.62365297371761,23.12196077718614,17.59469395807324,15.2,1650.057360458723
48.49381951516445,48.35226445985418,1665.652201534026,14.17482416388676,147.1209945121344,31.08196578542199,172.0921482310683,17.30472400952863,164.1081554881317,16.89499740053762,23.241967121948,17.58333621673057,16,1665.652201534026
48.71274042994863,48.32206008874582,1677.865711238084,14.17482416388676,147.1209945131353,31.08196578569536,172.2694095430546,17.44792299266652,165.3148668066688,17.09377958698174,23.33525888345324,17.57442115366601,16.8,1677.865711238084
48.88108573757412,48.29473223940661,1687.441064647781,14.17482416388676,147.1209945134876,31.08196578579481,172.4164318899429,17.58815526287046,166.1690452417864,17.23745480514815,23.40657147846325,17.56708274688767,17.6,1687.441064647781
49.01040356679417,48.27122485527082,1695.008828211911,14.17482416388676,147.1209945136147,31.08196578583162,172.5429434725302,17.72537807397208,166.7783319873006,17.34155102720707,23.46030633688184,17.56071080985864,18.4,1695.008828211911
49.11034121724623,48.25169401045562,1701.079171079856,14.17482416388676,147.1209945136615,31.08196578584543,172.6541356490355,17.85869140452206,167.2234048995256,17.418358264327,23.50039407539739,17.55491984183974,19.2,1701.079171079856
49.1885912895423,48.23581505184545,1706.047100938503,14.17482416388676,147.1209945136789,31.08196578585067,172.7528351395239,17.98684068269909,167.5606742363365,17.47681593248616,23.53016763509682,17.54948812952444,20,1706.047100938503
49.25103710457208,48.22304198976433,1710.207263222987,14.17482416388676,147.1209945136855,31.08196578585267,172.8406745277504,18.10853470691423,167.8275094284643,17.52303696400026,23.55231481364403,17.54429865776083,20.8,1710.207263222987
49.30202435619635,48.21278369899229,1713.773085037901,14.17482416388676,147.120994513688,31.08196578585344,172.9187091516082,18.22263848679716,168.0477076572045,17.56102361636333,23.56890999152316,17.53929450268597,21.6,1713.773085037902
49.34467680733003,48.20450160327601,1716.895966049648,14.17482416388676,147.1209945136889,31.08196578585373,172.9877342240242,18.32827922268954,168.236053747258,17.59332709303826,23.58149682631618,17.53444994280047,22.4,1716.895966049648
49.38119662665531,48.19775004051483,1719.681998606688,14.17482416388676,147.1209945136893,31.08196578585385,173.048441663269,18.42489099350855,168.401656973487,17.62155778618787,23.59119133279668,17.52975379436636,23.2,1719.681998606688
49.41311836812096,48.19218195909711,1722.205265472845,14.17482416388676,147.1209945136894,31.0819657858539,173.1014918967585,18.51221667800791,168.5501865156525,17.6467403599821,23.59878322534089,17.52520072292502,24,1722.205265472844
49.44150745136907,48.18753748497098,1724.517762173663,14.17482416388676,147.1209945136895,31.08196578585391,173.1475410476011,18.59028148606023,168.6852761257122,17.66954371049205,23.60482351149165,17.5207871573041,24.8,1724.517762173664
49.46710678783905,48.18362656247064,1726.656468017159,14.17482416388676,147.1209945136895,31.08196578585391,173.1872453624446,18.65934956712821,168.8093659839477,17.69042253936901,23.60969413446876,17.51650960457864,25.6,1726.65646801716
49.49044073101137,48.18031169334864,1728.648220900866,14.17482416388676,147.1209945136895,31.08196578585392,173.221254886511,18.71987270216883,168.9241906318765,17.70970157747019,23.61366017484287,17.51236410455272,26.4,1728.648220900866
49.51188658391617,48.17749335585279,1730.513001412067,14.17482416388676,147.1209945136895,31.08196578585392,173.2502030612449,18.77243781663179,169.0310561457042,17.72762473210573,23.61690732214838,17.50834617181697,27.2,1730.513001412067
49.53172274693149,48.17509873916426,1732.266113262249,14.17482416388676,147.1209945136895,31.08196578585392,173.274695927433,18.81771797577325,169.1309967256403,17.74438365102768,23.61956792153465,17.50445091798329,28,1732.266113262249
49.5501606827078,48.17307350934095,1733.919620772919,14.17482416388676,147.1209945136895,31.08196578585392,173.2953028603449,18.85642971818835,169.224864157567,17.76013452494758,23.62173865565344,17.50067322144541,28.8,1733.919620772919
49.567365973706,48.17137600425445,1735.483296362876,14.17482416388676,147.1209945136895,31.08196578585392,173.3125496975071,18.88929811768274,169.313380437132,17.77500824934602,23.62349234814435,17.49700789250516,29.6,1735.483296362877
49.58347216516058,48.16997323549172,1736.965248840807,14.17482416388676,147.1209945136895,31.08196578585392,173.3269144694859,18.91702986315687,169.39717015955,17.78911682177822,23.62488575584113,17.49344981565945,30.4,1736.965248840807
49.59858989175638,48.16883817455611,1738.37234487766,14.17482416388676,147.1209945136895,31.08196578585392,173.3388255621565,18.94029389372378,169.4767815772605,17.80255755885002,23.6259646800698,17.48999406419508,31.2,1738.37234487766
49.61281293892059,48.16794792627829,1739.71049635344,14.17482416388676,147.1209945136895,31.08196578585392,173.348661937161,18.95970867405548,169.552701051237,17.8154160007366,23.62676731104314,17.48663598737467,32,1739.71049635344
49.62622231312906,48.16728250467473,1740.984860167573,14.17482416388676,147.1209945136895,31.08196578585392,173.3567549563418,18.97583498010166,169.6253634173114,17.82776798390848,23.62732641760193,17.48337127260111,32.8,1740.984860167573
49.63888901446496,48.16682401394913,1742.199980287578,14.17482416388676,147.1209945136895,31.08196578585392,173.3633913529638,18.98917302267268,169.6951596454034,17.83968115609898,23.62767078549215,17.48019598589459,33.6,1742.199980287578
49.6508759573863,48.16655610061293,1743.359891120809,14.17482416388676,147.1209945136895,31.08196578585392,173.3688169358159,19.00016280696674,169.762442580384,17.8512160971756,23.62782616688678,17.47710659438615,34.4,1743.359891120809
49.66223932707567,48.16646358661266,1744.468194540922,14.17482416388676,147.1209945136895,31.08196578585392,173.3732406788552,19.00918676164568,169.8275312479365,17.86242714964031,23.62781591137913,17.4740999745093,35.2,1744.468194540922
49.67302955762693,48.1665322231265,1745.528118638642,14.17482416388676,147.1209945136895,31.08196578585392,173.3768389231335,19.01657383518466,169.8907140473164,17.87336302889978,23.62766138858284,17.47117340926004,36,1745.528118638642
49.6832920539216,48.16674852466068,1746.542563566988,14.17482416388676,147.1209945136895,31.08196578585392,173.3797594892665,19.02260442484514,169.9522510647195,17.88406726383746,23.62738227371829,17.46832457739755,36.8,1746.542563566989
49.69306773792992,48.16709965643738,1747.514138128968,14.17482416388676,147.1209945136895,31.08196578585392,173.382125561947,19.0275156590923,170.0123756908415,17.89457850628667,23.62699674264923,17.46555153687409,37.6,1747.514138128968
49.70239347377698,48.16757335703109,1748.445189645037,14.17482416388676,147.1209945136895,31.08196578585392,173.384039260408,19.03150668922409,170.0712956965287,17.90493074049481,23.62652160681654,17.46285270419593,38.4,1748.445189645037
49.71130240882832,48.16815788426466,1749.337828910697,14.17482416388676,147.1209945136895,31.08196578585392,173.3855848498353,19.03474375719671,170.1291939020402,17.91515341882171,23.62597240819615,17.4602268308872,39.2,1749.337828910697
49.7198242568599,48.16884197649122,1750.19395156904,14.17482416388676,147.1209945136895,31.08196578585392,173.3868315792749,19.03736489430176,170.1862285632393,17.9252715466876,23.62536348773511,17.45767297779091,40,1750.19395156904
49.72798554192462,48.16961482419503,1751.015256889603,14.17482416388676,147.1209945136895,31.08196578585392,173.3878361530526,19.03948417163125,170.2425335888346,17.93530573749033,23.62470803638439,17.45519048761127,40.8,1751.015256889602
49.73580981644484,48.17046604875838,1751.803264707192,14.17482416388676,147.1209945136895,31.08196578585392,173.3886448567647,19.04119547127394,170.2982186944202,17.94527225635415,23.62401813501314,17.45277895588095,41.6,1751.803264707192
